State,County,Number of Hospitals,Percent private or nonprofit,number of acute care hospitals,avg acute care rating,median acute care rating
TX,ANDREWS,1,0,1,3.0,3.0
KY,ADAIR,1,0,1,3.0,3.0
NE,CHEYENNE,1,100,0,3.0,3.0
NC,SAMPSON,1,0,1,2.0,2.0
VA,HALIFAX,1,100,1,4.0,4.0
ID,WASHINGTON,1,0,0,nan,nan
MO,AUDRAIN,1,100,1,4.0,4.0
AL,PIKE,1,0,1,2.0,2.0
KS,GEARY,1,0,1,3.0,3.0
CO,KIOWA,1,0,0,nan,nan
MT,SANDERS,1,100,0,nan,nan
VA,CHESAPEAKE CITY,1,0,1,2.0,2.0
NC,MARTIN,1,0,1,2.0,2.0
NC,BUNCOMBE,1,100,1,5.0,5.0
CO,HUERFANO,1,0,0,3.0,3.0
NE,CHERRY,1,0,0,4.0,4.0
OK,LOGAN,1,100,0,4.0,4.0
MI,BARRY,1,0,1,2.0,2.0
MN,MARSHALL,1,100,0,nan,nan
NY,LIVINGSTON,1,100,1,3.0,3.0
SD,GRANT,1,100,0,nan,nan
TN,HARDIN,1,0,1,3.0,3.0
NC,ALLEGHANY,1,100,0,nan,nan
SC,FAIRFIELD,1,0,0,nan,nan
TX,KERR,1,100,1,4.0,4.0
TX,CRANE,1,0,0,nan,nan
MS,PERRY,1,0,0,nan,nan
SC,UNION,1,0,1,nan,nan
NM,GUADALUPE,1,0,1,nan,nan
WA,FERRY,1,0,0,nan,nan
IL,UNION,1,0,0,4.0,4.0
CO,ARCHULETA,1,0,0,nan,nan
KY,BOYLE,1,100,1,3.0,3.0
NE,WAYNE,1,100,0,3.0,3.0
FL,OKEECHOBEE,1,0,1,2.0,2.0
CO,KIT CARSON,1,0,0,nan,nan
AR,BAXTER,1,100,1,2.0,2.0
GA,DOUGHERTY,1,0,1,2.0,2.0
GA,BARROW,1,0,1,3.0,3.0
OK,HARMON,1,0,0,nan,nan
TX,STARR,1,0,1,2.0,2.0
CO,LOGAN,1,100,1,4.0,4.0
CA,TUOLUMNE,1,0,1,2.0,2.0
MI,CLINTON,1,0,0,4.0,4.0
IA,AUDUBON,1,0,0,nan,nan
IN,NOBLE,1,100,1,4.0,4.0
FL,CALHOUN,1,100,0,nan,nan
OK,KINGFISHER,1,100,0,4.0,4.0
WI,IOWA,1,100,0,5.0,5.0
MO,CAMDEN,1,0,1,3.0,3.0
PA,BEDFORD,1,0,1,4.0,4.0
WA,KITTITAS,1,0,0,3.0,3.0
MN,NORMAN,1,100,0,nan,nan
ID,FRANKLIN,1,0,0,nan,nan
WI,CALUMET,1,100,0,nan,nan
TX,REFUGIO,1,0,0,nan,nan
MA,DUKES,1,100,0,4.0,4.0
WV,NICHOLAS,1,0,1,2.0,2.0
KY,LAUREL,1,100,1,3.0,3.0
ID,CLEARWATER,1,100,0,3.0,3.0
AR,GREENE,1,100,1,1.0,1.0
GA,PICKENS,1,0,1,3.0,3.0
TN,HENDERSON,1,0,1,4.0,4.0
TX,BASTROP,1,0,1,4.0,4.0
TX,BEE,1,0,1,3.0,3.0
SD,BEADLE,1,100,0,nan,nan
GA,COFFEE,1,0,1,3.0,3.0
LA,WEST CARROLL,1,0,1,3.0,3.0
OR,JEFFERSON,1,100,0,4.0,4.0
AR,LAWRENCE,1,0,0,nan,nan
GA,EMANUEL,1,0,1,4.0,4.0
TX,JASPER,1,0,1,4.0,4.0
IN,SCOTT,1,0,0,4.0,4.0
KS,COMANCHE,1,0,0,nan,nan
MS,TATE,1,0,1,3.0,3.0
OH,DARKE,1,100,1,3.0,3.0
NE,MORRILL,1,0,0,nan,nan
KY,LETCHER,1,0,1,3.0,3.0
IA,HOWARD,1,0,0,nan,nan
MT,POWELL,1,100,0,nan,nan
GA,PEACH,1,0,0,3.0,3.0
NE,ADAMS,1,0,1,4.0,4.0
AL,GREENE,1,0,1,3.0,3.0
FL,HARDEE,1,100,0,4.0,4.0
IA,JONES,1,100,0,4.0,4.0
ID,BOUNDARY,1,0,0,nan,nan
NE,BOONE,1,0,0,4.0,4.0
OH,KNOX,1,0,1,3.0,3.0
ID,MINIDOKA,1,0,0,nan,nan
WA,FRANKLIN,1,0,0,3.0,3.0
OH,CLINTON,1,0,1,3.0,3.0
MS,SMITH,1,0,1,nan,nan
WY,JOHNSON,1,0,0,nan,nan
NC,CABARRUS,1,0,1,3.0,3.0
LA,SABINE,1,0,1,2.0,2.0
NE,BUTLER,1,0,0,4.0,4.0
CO,WELD,1,100,1,4.0,4.0
MI,MACKINAC,1,100,0,4.0,4.0
WI,JUNEAU,1,0,1,3.0,3.0
ND,RAMSEY,1,100,0,4.0,4.0
FL,FLAGLER,1,0,1,2.0,2.0
TN,HARDEMAN,1,0,1,3.0,3.0
OK,GREER,1,0,0,nan,nan
NV,PERSHING,1,0,0,nan,nan
ID,BUTTE,1,0,0,nan,nan
LA,LINCOLN,1,0,1,1.0,1.0
KS,MARSHALL,1,100,0,3.0,3.0
TX,SAN PATRICIO,1,0,1,4.0,4.0
KY,HOPKINS,1,100,1,2.0,2.0
NH,BELKNAP,1,100,1,2.0,2.0
AL,WALKER,1,100,1,4.0,4.0
TN,FENTRESS,1,0,1,4.0,4.0
MS,ATTALA,1,0,0,3.0,3.0
GA,TATTNALL,1,0,0,nan,nan
OR,CURRY,1,0,0,2.0,2.0
TX,BOSQUE,1,0,0,nan,nan
AR,RANDOLPH,1,100,1,4.0,4.0
IN,BLACKFORD,1,100,0,4.0,4.0
MS,TISHOMINGO,1,100,1,4.0,4.0
MS,COVINGTON,1,0,0,2.0,2.0
IL,RICHLAND,1,100,1,3.0,3.0
MI,ARENAC,1,0,0,4.0,4.0
WI,PORTAGE,1,0,1,5.0,5.0
PA,WAYNE,1,100,1,2.0,2.0
MS,LOWNDES,1,100,1,2.0,2.0
TX,TRINITY,1,100,1,3.0,3.0
UT,UINTAH,1,0,1,3.0,3.0
NC,PENDER,1,0,0,nan,nan
MO,LAFAYETTE,1,0,0,3.0,3.0
MI,OSCEOLA,1,100,0,4.0,4.0
PA,WARREN,1,100,1,3.0,3.0
NE,HALL,1,0,1,4.0,4.0
KS,KIOWA,1,0,0,nan,nan
OR,HOOD RIVER,1,0,0,4.0,4.0
MI,BENZIE,1,0,0,nan,nan
TX,LYNN,1,0,0,nan,nan
MI,IONIA,1,100,0,4.0,4.0
PR,UTUADO,1,0,1,nan,nan
NC,CHATHAM,1,100,0,nan,nan
VA,MECKLENBURG,1,100,1,2.0,2.0
KY,JOHNSON,1,0,1,4.0,4.0
MT,CARBON,1,100,0,nan,nan
AL,MORGAN,1,0,1,2.0,2.0
ID,CARIBOU,1,0,0,nan,nan
SC,CHEROKEE,1,100,1,2.0,2.0
OR,UNION,1,100,0,3.0,3.0
WY,WESTON,1,0,0,nan,nan
IA,BENTON,1,100,0,nan,nan
GA,CLINCH,1,0,0,nan,nan
TN,COCKE,1,0,1,3.0,3.0
NY,FULTON,1,100,1,4.0,4.0
WV,MORGAN,1,100,0,4.0,4.0
OH,PAULDING,1,0,0,3.0,3.0
TX,GRAY,1,100,1,4.0,4.0
MN,GRANT,1,100,0,nan,nan
WV,HANCOCK,1,0,1,3.0,3.0
TN,LOUDON,1,0,1,4.0,4.0
IA,FREMONT,1,0,0,nan,nan
NC,ORANGE,1,0,1,2.0,2.0
ND,MERCER,1,100,0,nan,nan
IN,JASPER,1,100,0,3.0,3.0
OR,KLAMATH,1,100,1,3.0,3.0
KY,BARREN,1,0,1,2.0,2.0
OK,ROGER MILLS,1,0,0,nan,nan
WI,GREEN,1,100,1,5.0,5.0
TX,VAL VERDE,1,0,1,3.0,3.0
TN,PERRY,1,0,1,2.0,2.0
OK,MAYES,1,0,1,3.0,3.0
KS,HASKELL,1,0,0,nan,nan
MO,SAINT CLAIR,1,0,0,nan,nan
IL,SCHUYLER,1,0,0,nan,nan
PR,LARES,1,100,1,nan,nan
IN,PUTNAM,1,0,0,4.0,4.0
OH,FAYETTE,1,0,0,3.0,3.0
KS,DECATUR,1,0,0,nan,nan
TX,HEMPHILL,1,0,1,nan,nan
TX,REEVES,1,0,0,3.0,3.0
MN,LAKE OF THE WOODS,1,0,0,nan,nan
AZ,GRAHAM,1,0,1,3.0,3.0
WV,BRAXTON,1,100,0,nan,nan
TX,ANDERSON,1,0,1,3.0,3.0
AL,DE KALB,1,0,1,3.0,3.0
ME,WALDO,1,100,0,4.0,4.0
NC,DUPLIN,1,0,1,3.0,3.0
IN,GRANT,1,100,1,3.0,3.0
GA,CHATTOOGA,1,0,1,5.0,5.0
NM,LOS ALAMOS,1,0,1,3.0,3.0
IA,LUCAS,1,0,0,4.0,4.0
IL,WAYNE,1,100,0,3.0,3.0
CA,GLENN,1,0,0,nan,nan
OK,LE FLORE,1,0,0,nan,nan
FL,UNION,1,0,0,nan,nan
SD,LAKE,1,100,0,nan,nan
IA,VAN BUREN,1,0,0,nan,nan
VA,LANCASTER,1,100,0,nan,nan
ID,LATAH,1,100,0,4.0,4.0
MO,BATES,1,0,1,3.0,3.0
ID,GEM,1,0,0,nan,nan
OK,NOBLE,1,0,1,3.0,3.0
NC,LINCOLN,1,0,1,4.0,4.0
KY,CALDWELL,1,0,0,2.0,2.0
NE,JEFFERSON,1,100,0,4.0,4.0
IA,GUTHRIE,1,0,0,3.0,3.0
OK,MUSKOGEE,1,0,1,2.0,2.0
UT,WASATCH,1,100,0,4.0,4.0
OK,STEPHENS,1,100,1,3.0,3.0
IL,OGLE,1,100,0,4.0,4.0
IN,CLINTON,1,0,0,4.0,4.0
WA,ISLAND,1,0,0,3.0,3.0
WY,UINTA,1,0,1,3.0,3.0
MI,NEWAYGO,1,100,0,4.0,4.0
TN,HAWKINS,1,100,1,4.0,4.0
CT,MIDDLESEX,1,100,1,4.0,4.0
MN,RICE,1,100,1,4.0,4.0
NE,NANCE,1,0,0,nan,nan
WI,BURNETT,1,100,0,nan,nan
OK,LOVE,1,0,0,nan,nan
MO,WASHINGTON,1,0,0,2.0,2.0
NM,SOCORRO,1,0,0,nan,nan
TN,OVERTON,1,0,1,2.0,2.0
CO,ALAMOSA,1,100,1,4.0,4.0
MN,KANDIYOHI,1,0,1,4.0,4.0
NC,NASH,1,0,1,1.0,1.0
GA,DODGE,1,0,1,4.0,4.0
IL,JERSEY,1,0,1,4.0,4.0
TX,SCHLEICHER,1,0,0,nan,nan
ND,CAVALIER,1,100,0,nan,nan
SD,DAVISON,1,100,1,5.0,5.0
WV,MINERAL,1,100,0,4.0,4.0
AR,POLK,1,0,1,3.0,3.0
NE,WEBSTER,1,0,0,nan,nan
NC,BLADEN,1,100,0,3.0,3.0
SC,CHESTERFIELD,1,100,1,3.0,3.0
OK,SEQUOYAH,1,0,1,4.0,4.0
TX,TERRY,1,0,1,3.0,3.0
MO,MARION,1,100,1,2.0,2.0
NJ,CAPE MAY,1,100,1,3.0,3.0
GA,CAMDEN,1,0,1,3.0,3.0
MO,JOHNSON,1,0,1,3.0,3.0
MA,FRANKLIN,1,100,1,3.0,3.0
OK,MARSHALL,1,0,0,3.0,3.0
UT,DUCHESNE,1,0,1,4.0,4.0
NC,WASHINGTON,1,0,0,nan,nan
VA,EMPORIA CITY,1,0,1,2.0,2.0
TX,FLOYD,1,0,0,nan,nan
AK,NORTHWEST ARCTIC,1,0,0,nan,nan
MT,PRAIRIE,1,0,0,nan,nan
MS,CLAY,1,100,1,4.0,4.0
ID,JEROME,1,100,0,nan,nan
NV,MINERAL,1,0,0,2.0,2.0
GA,HENRY,1,0,1,1.0,1.0
TX,GAINES,1,0,0,nan,nan
GA,ELBERT,1,0,1,3.0,3.0
MN,POPE,1,0,0,4.0,4.0
NC,VANCE,1,0,1,2.0,2.0
PR,CAROLINA,1,0,1,nan,nan
ID,GOODING,1,100,0,5.0,5.0
SC,AIKEN,1,0,1,2.0,2.0
NE,PAWNEE,1,0,0,nan,nan
GA,LAURENS,1,0,1,4.0,4.0
AL,SUMTER,1,0,1,nan,nan
MS,STONE,1,0,0,nan,nan
TX,EASTLAND,1,0,1,4.0,4.0
LA,WEST FELICIANA,1,0,0,nan,nan
MT,FALLON,1,100,0,nan,nan
AL,MONROE,1,0,1,3.0,3.0
SC,YORK,1,0,1,1.0,1.0
AL,WINSTON,1,0,1,5.0,5.0
OR,JOSEPHINE,1,0,1,5.0,5.0
KS,COFFEY,1,0,1,5.0,5.0
WA,SAN JUAN,1,100,0,3.0,3.0
TN,MAURY,1,0,1,3.0,3.0
NV,NYE,1,0,0,4.0,4.0
NC,ANSON,1,0,1,nan,nan
TN,BLOUNT,1,0,1,3.0,3.0
MI,BAY,1,100,1,3.0,3.0
GA,BACON,1,0,0,4.0,4.0
TX,SOMERVELL,1,0,1,5.0,5.0
AR,BOONE,1,0,1,4.0,4.0
WI,PIERCE,1,100,0,4.0,4.0
NY,GENESEE,1,100,1,3.0,3.0
ND,TOWNER,1,100,0,nan,nan
IL,FORD,1,100,0,3.0,3.0
IL,EFFINGHAM,1,0,1,4.0,4.0
VA,WINCHESTER CITY,1,100,1,3.0,3.0
CO,RIO GRANDE,1,100,0,4.0,4.0
WI,WAUPACA,1,100,0,2.0,2.0
SD,HUGHES,1,100,1,4.0,4.0
MS,TIPPAH,1,0,0,4.0,4.0
TX,MARTIN,1,0,0,nan,nan
GA,PUTNAM,1,0,0,3.0,3.0
WV,WETZEL,1,0,1,4.0,4.0
IA,EMMET,1,0,0,4.0,4.0
MI,GRAND TRAVERSE,1,0,1,4.0,4.0
OK,HARPER,1,0,0,nan,nan
TX,AUSTIN,1,0,1,3.0,3.0
IL,IROQUOIS,1,100,1,2.0,2.0
KY,CASEY,1,0,0,2.0,2.0
FL,GADSDEN,1,0,1,nan,nan
NC,PERSON,1,0,1,3.0,3.0
KY,CRITTENDEN,1,0,1,3.0,3.0
MS,COAHOMA,1,0,1,2.0,2.0
WI,CLARK,1,0,0,nan,nan
KY,MERCER,1,0,0,nan,nan
LA,DE SOTO,1,100,1,3.0,3.0
GA,CANDLER,1,0,0,nan,nan
NC,DAVIE,1,100,1,nan,nan
SD,HAAKON,1,100,0,nan,nan
KS,MEADE,1,0,0,nan,nan
NC,PITT,1,100,1,3.0,3.0
TN,BRADLEY,1,0,1,1.0,1.0
MN,NICOLLET,1,0,0,nan,nan
NE,KEITH,1,0,0,3.0,3.0
VT,WASHINGTON,1,100,1,4.0,4.0
KY,GRAVES,1,0,1,3.0,3.0
PA,ELK,1,100,0,4.0,4.0
NC,ROCKINGHAM,1,100,1,3.0,3.0
OR,POLK,1,100,0,nan,nan
TX,LLANO,1,100,1,3.0,3.0
AK,DILLINGHAM,1,100,0,nan,nan
IN,RANDOLPH,1,100,0,4.0,4.0
VA,ALBEMARLE,1,100,1,5.0,5.0
NV,LYON,1,0,0,nan,nan
OK,WAGONER,1,0,1,3.0,3.0
NC,CHOWAN,1,0,0,3.0,3.0
NC,TRANSYLVANIA,1,100,0,4.0,4.0
MI,HILLSDALE,1,100,1,3.0,3.0
NM,SAN MIGUEL,1,0,1,3.0,3.0
KS,OSBORNE,1,0,0,nan,nan
OK,PAWNEE,1,0,0,nan,nan
MD,KENT,1,100,1,2.0,2.0
OK,HASKELL,1,0,0,2.0,2.0
GA,IRWIN,1,0,1,3.0,3.0
GA,CLAYTON,1,100,1,1.0,1.0
SD,DEWEY,1,0,1,nan,nan
TX,MOORE,1,0,0,nan,nan
MI,MECOSTA,1,0,1,4.0,4.0
KY,OLDHAM,1,100,1,4.0,4.0
NE,DAWES,1,100,0,4.0,4.0
TX,ERATH,1,100,1,3.0,3.0
NE,FRANKLIN,1,0,0,nan,nan
IA,IDA,1,100,0,4.0,4.0
MN,STEVENS,1,100,0,3.0,3.0
MO,FRANKLIN,1,100,1,5.0,5.0
NC,GRANVILLE,1,0,1,2.0,2.0
IA,DELAWARE,1,0,0,4.0,4.0
AK,FAIRBANKS NORTH STAR,1,0,1,4.0,4.0
KS,RUSSELL,1,100,0,nan,nan
TX,RUSK,1,100,1,3.0,3.0
ND,BOWMAN,1,100,0,nan,nan
IN,HUNTINGTON,1,100,1,4.0,4.0
TN,ROBERTSON,1,0,1,3.0,3.0
NY,CAYUGA,1,100,1,1.0,1.0
OH,ERIE,1,100,1,4.0,4.0
IL,CLAY,1,0,0,2.0,2.0
TX,GILLESPIE,1,100,1,5.0,5.0
IA,HARDIN,1,0,0,nan,nan
MN,LE SUEUR,1,100,0,nan,nan
KY,SHELBY,1,100,1,3.0,3.0
IA,MONROE,1,0,0,3.0,3.0
TX,HUTCHINSON,1,0,0,4.0,4.0
AL,CULLMAN,1,0,1,2.0,2.0
MI,ALLEGAN,1,0,0,4.0,4.0
NM,COLFAX,1,0,0,3.0,3.0
IA,RINGGOLD,1,0,0,nan,nan
MO,CRAWFORD,1,100,0,3.0,3.0
KS,EDWARDS,1,0,0,nan,nan
NV,DOUGLAS,1,100,0,3.0,3.0
TN,MONROE,1,100,1,3.0,3.0
OH,WOOD,1,100,1,4.0,4.0
IA,DICKINSON,1,0,1,4.0,4.0
MT,PHILLIPS,1,100,0,nan,nan
IA,JEFFERSON,1,0,0,3.0,3.0
TX,DIMMIT,1,0,1,nan,nan
IA,CLAY,1,0,1,4.0,4.0
IA,MONONA,1,100,0,3.0,3.0
TX,LAMPASAS,1,0,0,3.0,3.0
MO,BARTON,1,0,0,4.0,4.0
MI,EMMET,1,0,1,5.0,5.0
MS,WALTHALL,1,0,0,nan,nan
IL,LIVINGSTON,1,0,1,4.0,4.0
IA,WAPELLO,1,0,1,3.0,3.0
TX,BROWN,1,0,1,2.0,2.0
ND,SIOUX,1,0,1,nan,nan
IA,MADISON,1,0,0,nan,nan
CO,TELLER,1,100,0,nan,nan
MS,WILKINSON,1,0,0,2.0,2.0
SD,WALWORTH,1,100,0,4.0,4.0
OH,LAWRENCE,1,0,1,nan,nan
KY,CHRISTIAN,1,100,1,2.0,2.0
WY,CARBON,1,0,0,nan,nan
FL,WASHINGTON,1,100,0,nan,nan
KY,ALLEN,1,100,0,nan,nan
OH,GEAUGA,1,100,1,4.0,4.0
MO,CARROLL,1,100,0,nan,nan
MO,GRUNDY,1,100,0,3.0,3.0
ND,STUTSMAN,1,100,0,4.0,4.0
TX,HUNT,1,0,1,2.0,2.0
MN,MAHNOMEN,1,0,0,nan,nan
NV,CHURCHILL,1,0,0,nan,nan
WV,CALHOUN,1,100,0,3.0,3.0
GA,MACON,1,0,1,nan,nan
PA,NORTHUMBERLAND,1,0,1,3.0,3.0
MS,CHICKASAW,1,0,1,nan,nan
RI,KENT,1,0,1,3.0,3.0
SC,CLARENDON,1,100,1,nan,nan
TX,CORYELL,1,0,0,4.0,4.0
MO,PEMISCOT,1,0,1,1.0,1.0
MS,PONTOTOC,1,100,0,4.0,4.0
MO,POLK,1,0,1,2.0,2.0
MO,CLINTON,1,100,1,2.0,2.0
KS,SHERIDAN,1,0,0,nan,nan
LA,JACKSON,1,0,0,nan,nan
MT,BLAINE,1,0,0,nan,nan
ID,ELMORE,1,100,0,2.0,2.0
SC,GREENWOOD,1,100,1,3.0,3.0
MT,CARTER,1,100,0,nan,nan
IA,WINNESHIEK,1,0,0,4.0,4.0
MT,STILLWATER,1,100,0,nan,nan
OH,ATHENS,1,0,1,4.0,4.0
WY,CAMPBELL,1,0,1,3.0,3.0
LA,BIENVILLE,1,0,0,nan,nan
WI,SAWYER,1,100,0,4.0,4.0
IA,WASHINGTON,1,0,0,3.0,3.0
SD,CLAY,1,100,0,nan,nan
GA,EFFINGHAM,1,0,0,4.0,4.0
TX,PECOS,1,0,0,nan,nan
ID,BANNOCK,1,0,1,4.0,4.0
WI,ASHLAND,1,100,0,3.0,3.0
CO,LAKE,1,0,0,nan,nan
FL,BRADFORD,1,0,0,2.0,2.0
OK,MAJOR,1,0,0,nan,nan
AL,MARSHALL,1,0,1,2.0,2.0
IL,WABASH,1,0,0,4.0,4.0
NE,BOX BUTTE,1,0,0,4.0,4.0
MT,TETON,1,100,0,nan,nan
ID,SHOSHONE,1,0,0,nan,nan
NY,MONTGOMERY,1,100,1,2.0,2.0
FL,NASSAU,1,0,1,4.0,4.0
SD,TODD,1,0,1,nan,nan
TX,MAVERICK,1,0,1,4.0,4.0
OH,HOCKING,1,0,0,3.0,3.0
KY,GRANT,1,0,0,3.0,3.0
TX,WILBARGER,1,0,1,3.0,3.0
NJ,HUNTERDON,1,100,1,4.0,4.0
TX,UVALDE,1,0,0,nan,nan
VA,ESSEX,1,100,1,4.0,4.0
MS,GREENE,1,0,0,nan,nan
MN,CASS,1,0,0,nan,nan
NE,VALLEY,1,0,0,3.0,3.0
MT,SHERIDAN,1,100,0,nan,nan
NE,POLK,1,0,0,nan,nan
MS,JONES,1,0,1,2.0,2.0
GA,BURKE,1,0,1,nan,nan
MO,PUTNAM,1,0,0,nan,nan
IL,MASSAC,1,0,0,4.0,4.0
MA,NANTUCKET,1,100,1,4.0,4.0
SD,ROBERTS,1,100,0,nan,nan
GA,STEPHENS,1,0,1,4.0,4.0
MS,MARSHALL,1,0,1,3.0,3.0
MS,LEFLORE,1,0,1,1.0,1.0
MN,PENNINGTON,1,100,0,3.0,3.0
TX,WINKLER,1,0,0,nan,nan
WI,LANGLADE,1,0,0,4.0,4.0
AK,MATANUSKA SUSITNA,1,0,1,2.0,2.0
OR,WALLOWA,1,0,0,nan,nan
WV,JEFFERSON,1,100,0,3.0,3.0
KY,FLEMING,1,0,1,3.0,3.0
KS,JACKSON,1,100,0,nan,nan
PA,GREENE,1,100,1,3.0,3.0
VA,NEW KENT,1,0,0,nan,nan
MO,NEW MADRID,1,0,1,4.0,4.0
MN,MURRAY,1,0,0,5.0,5.0
UT,CARBON,1,0,1,4.0,4.0
OR,LAKE,1,0,0,3.0,3.0
CO,CHAFFEE,1,0,0,nan,nan
MD,WASHINGTON,1,100,1,4.0,4.0
GA,LOWNDES,1,0,1,3.0,3.0
IN,DELAWARE,1,100,1,4.0,4.0
IN,HARRISON,1,0,0,4.0,4.0
NY,PUTNAM,1,100,1,3.0,3.0
TX,SWISHER,1,100,0,nan,nan
SC,ABBEVILLE,1,0,0,4.0,4.0
AZ,SANTA CRUZ,1,0,0,nan,nan
GA,SPALDING,1,0,1,2.0,2.0
SC,JASPER,1,0,1,2.0,2.0
TX,CONCHO,1,0,0,nan,nan
NE,KIMBALL,1,0,0,nan,nan
SD,SPINK,1,0,0,nan,nan
NE,KEARNEY,1,0,0,nan,nan
VT,LAMOILLE,1,100,0,2.0,2.0
LA,MOREHOUSE,1,0,1,3.0,3.0
IN,JOHNSON,1,0,1,4.0,4.0
VA,GALAX CITY,1,100,1,2.0,2.0
TX,WISE,1,0,1,2.0,2.0
KY,ROWAN,1,0,1,3.0,3.0
IN,GIBSON,1,100,0,3.0,3.0
WA,WHATCOM,1,0,1,4.0,4.0
GA,JEFFERSON,1,0,1,3.0,3.0
WY,TETON,1,0,1,5.0,5.0
IA,BOONE,1,0,0,3.0,3.0
PR,CAYEY,1,100,1,nan,nan
IN,DECATUR,1,0,0,3.0,3.0
IA,ADAMS,1,100,0,4.0,4.0
LA,CLAIBORNE,1,0,1,4.0,4.0
GA,DECATUR,1,0,1,3.0,3.0
MD,HOWARD,1,100,1,3.0,3.0
SD,CODINGTON,1,100,1,4.0,4.0
IA,MARSHALL,1,100,1,3.0,3.0
TN,HUMPHREYS,1,100,0,3.0,3.0
KS,STAFFORD,1,0,0,nan,nan
AR,WHITE,1,100,1,3.0,3.0
IN,MIAMI,1,100,0,2.0,2.0
SC,COLLETON,1,0,1,3.0,3.0
MN,FREEBORN,1,100,1,5.0,5.0
PA,HUNTINGDON,1,0,1,4.0,4.0
OH,UNION,1,0,1,4.0,4.0
CA,MONO,1,0,0,nan,nan
GA,JEFF DAVIS,1,0,0,3.0,3.0
IN,ADAMS,1,0,0,4.0,4.0
ND,GRANT,1,100,0,nan,nan
KY,TRIGG,1,100,0,2.0,2.0
MI,CHIPPEWA,1,100,1,4.0,4.0
KS,ALLEN,1,0,0,2.0,2.0
TX,REAGAN,1,0,0,nan,nan
ID,TWIN FALLS,1,100,1,4.0,4.0
KS,MORRIS,1,0,0,nan,nan
PA,ARMSTRONG,1,100,1,3.0,3.0
MN,PIPESTONE,1,0,0,nan,nan
VA,BATH,1,100,0,nan,nan
KY,CLARK,1,0,1,3.0,3.0
WV,POCAHONTAS,1,0,0,nan,nan
ND,EMMONS,1,100,0,nan,nan
CA,SUTTER,1,0,1,nan,nan
OH,PICKAWAY,1,0,1,2.0,2.0
OH,WARREN,1,100,1,3.0,3.0
OH,HARRISON,1,100,0,3.0,3.0
TX,CLAY,1,0,0,nan,nan
PR,MOCA,1,100,1,nan,nan
MD,SOMERSET,1,100,1,3.0,3.0
MI,OCEANA,1,100,0,3.0,3.0
AK,KODIAK ISLAND,1,0,0,nan,nan
AL,AUTAUGA,1,0,1,4.0,4.0
OH,MIAMI,1,100,1,3.0,3.0
GA,JENKINS,1,0,0,nan,nan
KS,THOMAS,1,100,0,4.0,4.0
CO,GRAND,1,0,0,nan,nan
NE,HOWARD,1,0,0,4.0,4.0
TN,LAUDERDALE,1,0,0,4.0,4.0
WY,WASHAKIE,1,0,0,3.0,3.0
OH,ASHLAND,1,0,1,4.0,4.0
TX,LAMB,1,0,1,nan,nan
VA,WARREN,1,0,1,4.0,4.0
VA,ALLEGHANY,1,100,1,3.0,3.0
VA,WASHINGTON,1,100,1,1.0,1.0
MN,REDWOOD,1,0,0,4.0,4.0
MN,CHISAGO,1,100,1,4.0,4.0
MI,GLADWIN,1,100,0,4.0,4.0
MD,CALVERT,1,0,1,4.0,4.0
AR,CHICOT,1,100,0,2.0,2.0
MN,CARVER,1,100,1,3.0,3.0
NM,SIERRA,1,0,0,nan,nan
KY,BREATHITT,1,0,1,2.0,2.0
KY,HENDERSON,1,0,1,3.0,3.0
AL,DALLAS,1,0,1,3.0,3.0
TX,OCHILTREE,1,0,0,nan,nan
IA,MAHASKA,1,0,0,3.0,3.0
MI,CASS,1,100,0,4.0,4.0
AR,JOHNSON,1,100,1,3.0,3.0
TX,MIDLAND,1,0,1,3.0,3.0
TX,COMANCHE,1,100,0,nan,nan
WA,ASOTIN,1,100,0,3.0,3.0
NE,BOYD,1,100,0,nan,nan
KS,RICE,1,0,0,nan,nan
MN,STEELE,1,0,1,4.0,4.0
KS,WICHITA,1,0,0,nan,nan
MI,ALPENA,1,0,1,4.0,4.0
TX,HOPKINS,1,0,1,3.0,3.0
MI,LAPEER,1,100,1,2.0,2.0
MT,LINCOLN,1,100,0,3.0,3.0
KY,MARSHALL,1,0,0,4.0,4.0
NC,ALAMANCE,1,100,1,2.0,2.0
KS,STEVENS,1,0,0,nan,nan
AZ,YUMA,1,100,1,3.0,3.0
PA,VENANGO,1,0,1,4.0,4.0
OH,LICKING,1,100,1,3.0,3.0
ME,FRANKLIN,1,100,1,3.0,3.0
IL,CLINTON,1,0,1,5.0,5.0
NE,DUNDY,1,0,0,nan,nan
MO,PERRY,1,0,0,4.0,4.0
VA,PATRICK,1,0,0,4.0,4.0
WV,LOGAN,1,0,1,2.0,2.0
NC,RICHMOND,1,0,1,3.0,3.0
NE,WASHINGTON,1,100,0,4.0,4.0
NM,TAOS,1,100,0,5.0,5.0
TN,MONTGOMERY,1,0,1,1.0,1.0
CA,CALAVERAS,1,0,0,3.0,3.0
PA,INDIANA,1,100,1,2.0,2.0
VA,ACCOMACK,1,100,1,4.0,4.0
ID,ONEIDA,1,0,0,nan,nan
OK,WOODWARD,1,0,1,3.0,3.0
OK,POTTAWATOMIE,1,100,1,3.0,3.0
OK,WASHINGTON,1,100,1,2.0,2.0
VT,CALEDONIA,1,100,0,3.0,3.0
MS,QUITMAN,1,0,0,nan,nan
OH,MARION,1,100,1,3.0,3.0
MS,LAFAYETTE,1,100,1,4.0,4.0
KS,RAWLINS,1,0,0,nan,nan
TN,MARSHALL,1,0,0,4.0,4.0
KS,LYON,1,0,0,3.0,3.0
MO,SAINTE GENEVIEVE,1,0,0,3.0,3.0
WV,BOONE,1,0,0,4.0,4.0
NC,MCDOWELL,1,100,1,5.0,5.0
AR,HOT SPRING,1,100,1,4.0,4.0
MT,VALLEY,1,100,0,4.0,4.0
AL,CHOCTAW,1,100,0,nan,nan
VA,FRANKLIN,1,100,1,4.0,4.0
NC,RANDOLPH,1,100,1,3.0,3.0
OR,BENTON,1,100,1,3.0,3.0
MN,KITTSON,1,100,0,nan,nan
FL,SUMTER,1,100,1,2.0,2.0
AL,CONECUH,1,0,1,3.0,3.0
LA,EAST CARROLL,1,0,1,3.0,3.0
GA,NEWTON,1,100,1,2.0,2.0
UT,KANE,1,0,0,nan,nan
KS,CHEYENNE,1,100,0,nan,nan
TX,HARRISON,1,100,1,4.0,4.0
IA,HARRISON,1,100,0,4.0,4.0
CO,PROWERS,1,0,0,3.0,3.0
NY,WAYNE,1,100,1,2.0,2.0
NC,JACKSON,1,0,1,3.0,3.0
TX,MITCHELL,1,0,0,3.0,3.0
TN,HENRY,1,0,1,4.0,4.0
OH,ADAMS,1,0,0,4.0,4.0
GA,RANDOLPH,1,0,0,nan,nan
NM,CURRY,1,0,1,2.0,2.0
SD,DAY,1,100,0,nan,nan
IA,DECATUR,1,0,0,nan,nan
GA,SUMTER,1,0,1,2.0,2.0
AL,PICKENS,1,0,1,3.0,3.0
IL,COLES,1,100,1,4.0,4.0
VA,STAFFORD,1,100,1,3.0,3.0
IN,BARTHOLOMEW,1,0,1,4.0,4.0
TX,GRIMES,1,100,0,nan,nan
SC,KERSHAW,1,0,1,4.0,4.0
KY,LIVINGSTON,1,100,0,4.0,4.0
MI,ISABELLA,1,100,1,3.0,3.0
VA,WYTHE,1,0,1,3.0,3.0
NE,SHERIDAN,1,0,0,nan,nan
IL,MORGAN,1,100,1,3.0,3.0
RI,NEWPORT,1,100,1,4.0,4.0
KS,MIAMI,1,0,1,4.0,4.0
GA,WAYNE,1,0,1,3.0,3.0
WI,RUSK,1,0,0,3.0,3.0
OK,JOHNSTON,1,0,0,3.0,3.0
IN,WHITE,1,100,0,3.0,3.0
OK,HUGHES,1,0,0,3.0,3.0
IN,JEFFERSON,1,100,1,4.0,4.0
CO,MONTROSE,1,100,1,4.0,4.0
IA,HUMBOLDT,1,0,0,nan,nan
MO,SCOTLAND,1,0,0,2.0,2.0
VA,SALEM,1,0,1,4.0,4.0
KY,PULASKI,1,0,1,2.0,2.0
TN,LAWRENCE,1,0,1,4.0,4.0
OK,PITTSBURG,1,0,1,2.0,2.0
IA,ADAIR,1,0,0,nan,nan
ND,PIERCE,1,0,0,nan,nan
VA,AUGUSTA,1,100,1,4.0,4.0
SC,LAURENS,1,100,1,2.0,2.0
NJ,SOMERSET,1,100,1,3.0,3.0
MN,WINONA,1,100,1,4.0,4.0
KY,MORGAN,1,100,0,nan,nan
IL,MASON,1,0,0,4.0,4.0
AR,HEMPSTEAD,1,0,1,3.0,3.0
MI,CHARLEVOIX,1,0,0,4.0,4.0
LA,CAMERON,1,0,1,nan,nan
MT,BEAVERHEAD,1,0,0,4.0,4.0
IL,STEPHENSON,1,100,1,3.0,3.0
VA,BEDFORD,1,100,1,4.0,4.0
MO,RAY,1,0,0,3.0,3.0
NE,MADISON,1,100,1,3.0,3.0
MO,COOPER,1,0,1,3.0,3.0
KS,HARVEY,1,100,1,4.0,4.0
NY,WYOMING,1,0,1,2.0,2.0
NM,RIO ARRIBA,1,100,1,4.0,4.0
KY,MONTGOMERY,1,100,1,3.0,3.0
WI,ADAMS,1,100,0,3.0,3.0
OK,MCCLAIN,1,0,1,4.0,4.0
LA,JEFFERSON DAVIS,1,100,1,3.0,3.0
TN,GIBSON,1,0,1,4.0,4.0
MS,WAYNE,1,0,1,3.0,3.0
OK,BEAVER,1,0,0,nan,nan
TX,WARD,1,0,0,3.0,3.0
KS,ANDERSON,1,100,0,nan,nan
SD,MARSHALL,1,0,0,nan,nan
KS,JEWELL,1,0,0,nan,nan
IN,RIPLEY,1,100,0,4.0,4.0
CO,BACA,1,0,0,nan,nan
TN,CARTER,1,100,1,3.0,3.0
VT,ORANGE,1,100,0,3.0,3.0
KS,CLOUD,1,100,0,nan,nan
NM,SANDOVAL,1,100,1,3.0,3.0
MS,LEAKE,1,100,0,3.0,3.0
GA,PAULDING,1,0,1,4.0,4.0
OH,CHAMPAIGN,1,100,0,3.0,3.0
PA,UNION,1,0,1,4.0,4.0
WY,FREMONT,1,0,1,2.0,2.0
IA,MITCHELL,1,0,0,3.0,3.0
IA,POWESHIEK,1,100,1,3.0,3.0
MN,TRAVERSE,1,100,0,nan,nan
MS,GEORGE,1,0,1,4.0,4.0
AL,CHILTON,1,0,1,nan,nan
GA,WILKES,1,0,0,3.0,3.0
IL,EDGAR,1,0,0,4.0,4.0
OR,BAKER,1,0,0,4.0,4.0
FL,HENDRY,1,0,0,3.0,3.0
OH,ROSS,1,100,1,4.0,4.0
KY,LAWRENCE,1,0,1,4.0,4.0
ND,BARNES,1,0,0,nan,nan
NE,RED WILLOW,1,0,0,4.0,4.0
KS,GREENWOOD,1,0,0,nan,nan
TN,SMITH,1,0,0,4.0,4.0
GA,PULASKI,1,100,1,3.0,3.0
PA,CENTRE,1,100,1,4.0,4.0
MN,WASECA,1,100,0,nan,nan
MO,GENTRY,1,100,0,3.0,3.0
WI,PRICE,1,100,0,5.0,5.0
MN,WILKIN,1,0,0,3.0,3.0
NY,CORTLAND,1,100,1,3.0,3.0
IA,FLOYD,1,0,0,4.0,4.0
MT,LEWIS AND CLARK,1,100,1,4.0,4.0
VT,ADDISON,1,100,0,4.0,4.0
MS,LEE,1,100,1,2.0,2.0
WI,CRAWFORD,1,100,0,4.0,4.0
NV,ELKO,1,100,1,3.0,3.0
OH,HOLMES,1,0,1,4.0,4.0
KS,PAWNEE,1,0,0,nan,nan
IL,MERCER,1,100,0,3.0,3.0
NM,LUNA,1,0,0,2.0,2.0
GA,SCREVEN,1,0,0,nan,nan
NE,HAMILTON,1,100,0,3.0,3.0
MI,WEXFORD,1,0,1,5.0,5.0
SC,OCONEE,1,100,1,3.0,3.0
SD,,1,0,1,nan,nan
GA,FANNIN,1,0,1,3.0,3.0
GA,GORDON,1,0,1,5.0,5.0
WI,JACKSON,1,100,0,4.0,4.0
KS,TREGO,1,0,0,nan,nan
VA,NORTON CITY,1,0,1,3.0,3.0
MS,ALCORN,1,0,1,2.0,2.0
KY,CARROLL,1,100,0,3.0,3.0
KY,BRECKINRIDGE,1,0,0,3.0,3.0
ME,KNOX,1,100,1,3.0,3.0
OH,PIKE,1,100,0,nan,nan
NJ,GLOUCESTER,1,100,1,2.0,2.0
NM,GRANT,1,0,1,4.0,4.0
KS,SEWARD,1,0,1,4.0,4.0
PA,BEAVER,1,100,1,3.0,3.0
IN,KNOX,1,0,1,4.0,4.0
NJ,CUMBERLAND,1,100,1,2.0,2.0
IN,TIPTON,1,0,0,5.0,5.0
CA,TRINITY,1,0,0,nan,nan
KS,GRAHAM,1,0,0,2.0,2.0
KS,CHAUTAUQUA,1,0,0,nan,nan
MT,MCCONE,1,100,0,nan,nan
MO,MADISON,1,0,0,nan,nan
KS,FINNEY,1,100,1,2.0,2.0
VA,ALEXANDRIA CITY,1,100,1,3.0,3.0
KS,RUSH,1,0,0,nan,nan
CA,KINGS,1,0,1,2.0,2.0
MN,ROSEAU,1,100,0,nan,nan
AL,BARBOUR,1,0,1,4.0,4.0
OH,GUERNSEY,1,100,1,3.0,3.0
FL,DE SOTO,1,100,1,3.0,3.0
GA,WARE,1,100,1,1.0,1.0
TX,SABINE,1,0,0,nan,nan
AR,PHILLIPS,1,0,1,2.0,2.0
OH,CLERMONT,1,0,1,4.0,4.0
MI,CRAWFORD,1,0,1,4.0,4.0
IA,HANCOCK,1,0,0,3.0,3.0
KS,GRANT,1,0,1,3.0,3.0
LA,BEAUREGARD,1,0,1,4.0,4.0
WA,PEND OREILLE,1,0,0,3.0,3.0
TN,UNICOI,1,100,1,3.0,3.0
ID,NEZ PERCE,1,100,1,4.0,4.0
GA,MILLER,1,0,0,nan,nan
WV,MASON,1,100,1,3.0,3.0
OK,WOODS,1,0,1,3.0,3.0
NY,YATES,1,0,0,3.0,3.0
OH,HARDIN,1,100,0,5.0,5.0
MO,CEDAR,1,0,0,3.0,3.0
MN,RENVILLE,1,0,0,4.0,4.0
TN,DICKSON,1,0,1,4.0,4.0
OK,CIMARRON,1,0,0,nan,nan
MI,JACKSON,1,0,1,4.0,4.0
ND,STARK,1,0,0,4.0,4.0
NE,GAGE,1,100,0,5.0,5.0
CO,MOFFAT,1,0,0,3.0,3.0
WI,JEFFERSON,1,100,1,5.0,5.0
VA,SMYTH,1,100,1,3.0,3.0
NV,LANDER,1,0,0,nan,nan
WV,HAMPSHIRE,1,100,0,nan,nan
TX,TYLER,1,0,1,4.0,4.0
GA,BULLOCH,1,0,1,2.0,2.0
TN,RHEA,1,0,0,2.0,2.0
GA,EARLY,1,100,0,nan,nan
NC,ROWAN,1,100,1,2.0,2.0
WV,ROANE,1,100,0,3.0,3.0
TX,JIM WELLS,1,100,1,4.0,4.0
NC,HARNETT,1,100,1,2.0,2.0
TN,PUTNAM,1,0,1,3.0,3.0
MO,LINN,1,100,0,nan,nan
IN,PERRY,1,0,0,4.0,4.0
SD,TURNER,1,100,0,nan,nan
WY,NIOBRARA,1,0,0,nan,nan
MO,HENRY,1,0,1,4.0,4.0
IA,JASPER,1,0,1,3.0,3.0
AL,BIBB,1,0,1,3.0,3.0
ND,NELSON,1,100,0,nan,nan
SD,FALL RIVER,1,0,0,nan,nan
MD,TALBOT,1,100,1,3.0,3.0
GA,GREENE,1,0,0,4.0,4.0
NE,THURSTON,1,0,0,nan,nan
TN,DYER,1,0,1,1.0,1.0
MO,LINCOLN,1,0,0,3.0,3.0
NC,BEAUFORT,1,100,1,4.0,4.0
VA,WISE,1,0,1,2.0,2.0
FL,GULF,1,100,1,4.0,4.0
GA,FRANKLIN,1,100,1,3.0,3.0
TX,WASHINGTON,1,100,1,4.0,4.0
OR,CROOK,1,100,0,4.0,4.0
WI,GREEN LAKE,1,100,0,4.0,4.0
IA,CHICKASAW,1,0,0,4.0,4.0
OH,SHELBY,1,100,1,4.0,4.0
TX,CROSBY,1,100,0,nan,nan
WY,CROOK,1,0,0,nan,nan
GA,BALDWIN,1,100,1,4.0,4.0
MO,TANEY,1,100,1,3.0,3.0
SC,CHESTER,1,0,1,3.0,3.0
IN,WAYNE,1,100,1,4.0,4.0
NC,DARE,1,100,0,3.0,3.0
VA,LYNCHBURG CITY,1,100,1,5.0,5.0
TX,LAVACA,1,0,0,nan,nan
NV,WHITE PINE,1,0,0,nan,nan
NC,BERTIE,1,100,0,4.0,4.0
NC,MITCHELL,1,100,0,5.0,5.0
AL,LEE,1,0,1,3.0,3.0
IN,WASHINGTON,1,100,0,3.0,3.0
MI,IRON,1,0,0,4.0,4.0
GA,GLYNN,1,0,1,2.0,2.0
IA,SAC,1,100,0,3.0,3.0
ND,ADAMS,1,100,0,4.0,4.0
OH,FULTON,1,100,0,4.0,4.0
VA,GILES,1,100,0,4.0,4.0
MI,LUCE,1,0,0,3.0,3.0
MT,FERGUS,1,100,0,3.0,3.0
GA,LUMPKIN,1,0,1,3.0,3.0
MN,KOOCHICHING,1,100,0,nan,nan
UT,SUMMIT,1,0,1,4.0,4.0
WI,DUNN,1,100,0,4.0,4.0
KY,ROCKCASTLE,1,100,1,4.0,4.0
AR,CLAY,1,0,0,3.0,3.0
MT,SWEET GRASS,1,0,0,nan,nan
ND,GRIGGS,1,100,0,nan,nan
IN,CASS,1,0,1,4.0,4.0
MS,JEFFERSON,1,0,1,nan,nan
MS,CLARKE,1,0,0,nan,nan
NC,WAYNE,1,100,1,2.0,2.0
OH,PORTAGE,1,100,1,3.0,3.0
OH,OTTAWA,1,100,0,4.0,4.0
NC,HOKE,1,100,1,4.0,4.0
GA,MORGAN,1,0,0,nan,nan
NC,WILSON,1,100,1,2.0,2.0
MN,HUBBARD,1,100,0,3.0,3.0
KS,KINGMAN,1,100,0,3.0,3.0
MD,GARRETT,1,100,1,4.0,4.0
GA,ROCKDALE,1,0,1,2.0,2.0
NV,HUMBOLDT,1,0,0,3.0,3.0
VA,HANOVER,1,0,1,4.0,4.0
WI,MARINETTE,1,100,1,4.0,4.0
MI,OGEMAW,1,0,1,3.0,3.0
KY,BOURBON,1,0,1,3.0,3.0
IA,FRANKLIN,1,0,0,nan,nan
GA,BROOKS,1,0,0,nan,nan
VA,DICKENSON,1,100,0,nan,nan
IA,LYON,1,100,0,nan,nan
NC,JOHNSTON,1,0,1,4.0,4.0
KY,ESTILL,1,100,0,4.0,4.0
SD,BENNETT,1,0,0,nan,nan
MD,WORCESTER,1,100,1,3.0,3.0
TX,BURLESON,1,0,0,nan,nan
LA,SAINT LANDRY,1,0,1,3.0,3.0
MI,MUSKEGON,1,100,1,4.0,4.0
LA,IBERIA,1,0,1,2.0,2.0
MN,DOUGLAS,1,0,1,5.0,5.0
NC,ROBESON,1,100,1,1.0,1.0
OK,PUSHMATAHA,1,0,1,2.0,2.0
KS,LOGAN,1,0,0,nan,nan
MS,OKTIBBEHA,1,0,1,3.0,3.0
MS,WEBSTER,1,0,1,2.0,2.0
WV,TYLER,1,0,0,nan,nan
WY,HOT SPRINGS,1,0,0,3.0,3.0
WY,LARAMIE,1,0,1,2.0,2.0
PR,AGUADILLA,1,0,1,nan,nan
CA,LASSEN,1,100,0,4.0,4.0
SD,LINCOLN,1,100,0,nan,nan
MD,CHARLES,1,100,1,3.0,3.0
UT,WASHINGTON,1,100,1,4.0,4.0
TX,SCURRY,1,0,0,nan,nan
OR,MALHEUR,1,0,1,4.0,4.0
IL,HAMILTON,1,0,0,2.0,2.0
KY,WAYNE,1,100,0,3.0,3.0
NE,BURT,1,100,0,nan,nan
KY,WOODFORD,1,0,0,nan,nan
KY,MASON,1,0,1,4.0,4.0
TN,MACON,1,100,0,4.0,4.0
TN,WILLIAMSON,1,0,1,4.0,4.0
IN,LAGRANGE,1,100,0,4.0,4.0
MT,DAWSON,1,0,0,nan,nan
MO,HARRISON,1,0,0,nan,nan
WV,GREENBRIER,1,0,1,4.0,4.0
IN,HENRY,1,0,1,5.0,5.0
AL,LAWRENCE,1,0,1,4.0,4.0
WA,GARFIELD,1,0,0,nan,nan
MN,SHERBURNE,1,0,1,4.0,4.0
ID,BENEWAH,1,0,0,3.0,3.0
SC,ALLENDALE,1,0,0,nan,nan
AR,STONE,1,100,0,4.0,4.0
TX,BAYLOR,1,0,1,4.0,4.0
GA,HABERSHAM,1,0,1,2.0,2.0
AL,WASHINGTON,1,0,0,nan,nan
KS,GOVE,1,0,0,nan,nan
VA,PULASKI,1,0,1,2.0,2.0
VT,CHITTENDEN,1,0,1,2.0,2.0
VA,HOPEWELL CITY,1,0,1,2.0,2.0
GA,LANIER,1,0,0,nan,nan
NC,WATAUGA,1,0,1,4.0,4.0
TX,YOAKUM,1,0,0,nan,nan
TX,KLEBERG,1,100,1,2.0,2.0
IN,FAYETTE,1,0,1,3.0,3.0
IA,HAMILTON,1,0,0,3.0,3.0
IL,JO DAVIESS,1,100,0,nan,nan
TN,CANNON,1,0,1,3.0,3.0
IN,ORANGE,1,100,0,3.0,3.0
MO,LACLEDE,1,0,1,3.0,3.0
IN,DE KALB,1,100,1,3.0,3.0
TX,DAWSON,1,0,1,nan,nan
MS,SHARKEY,1,0,1,nan,nan
KS,NEOSHO,1,0,0,3.0,3.0
FL,PUTNAM,1,0,1,2.0,2.0
NE,KNOX,1,100,0,nan,nan
IN,WELLS,1,0,1,4.0,4.0
VA,SPOTSYLVANIA,1,0,1,3.0,3.0
CA,AMADOR,1,100,1,2.0,2.0
KS,ATCHISON,1,100,0,3.0,3.0
CO,SUMMIT,1,0,1,4.0,4.0
MO,DUNKLIN,1,0,1,3.0,3.0
KS,FRANKLIN,1,0,1,4.0,4.0
WV,MCDOWELL,1,0,1,4.0,4.0
GA,BARTOW,1,100,1,2.0,2.0
MO,MACON,1,0,0,nan,nan
TX,CALDWELL,1,0,0,5.0,5.0
ND,DICKEY,1,100,0,4.0,4.0
TX,HOOD,1,0,1,3.0,3.0
KY,FRANKLIN,1,0,1,4.0,4.0
GA,TOWNS,1,0,0,4.0,4.0
TN,TIPTON,1,0,1,4.0,4.0
TX,TITUS,1,0,1,3.0,3.0
ID,BEAR LAKE,1,0,0,nan,nan
KY,CLINTON,1,100,1,2.0,2.0
TX,JACKSON,1,0,0,nan,nan
SC,DILLON,1,100,1,4.0,4.0
IL,WARREN,1,100,0,3.0,3.0
GA,JASPER,1,0,0,nan,nan
ND,BOTTINEAU,1,0,0,4.0,4.0
OH,MUSKINGUM,1,100,1,4.0,4.0
FL,HOLMES,1,0,0,nan,nan
WV,MARION,1,100,1,2.0,2.0
AR,SAINT FRANCIS,1,0,1,2.0,2.0
MI,DICKINSON,1,0,1,4.0,4.0
VA,PRINCE EDWARD,1,0,1,4.0,4.0
TX,MONTAGUE,1,0,1,3.0,3.0
GA,MURRAY,1,100,1,3.0,3.0
TX,MCCULLOCH,1,100,0,nan,nan
IL,GREENE,1,100,0,nan,nan
IN,JACKSON,1,0,1,5.0,5.0
FL,MARTIN,1,100,1,2.0,2.0
AR,OUACHITA,1,100,1,3.0,3.0
MS,BOLIVAR,1,0,1,3.0,3.0
OH,LOGAN,1,100,1,3.0,3.0
NE,FURNAS,1,100,0,nan,nan
LA,SAINT CHARLES,1,0,1,4.0,4.0
MO,STODDARD,1,0,1,2.0,2.0
IN,HANCOCK,1,0,1,3.0,3.0
WV,GRANT,1,0,0,4.0,4.0
IN,BOONE,1,0,1,4.0,4.0
TX,HENDERSON,1,100,1,3.0,3.0
GA,HALL,1,0,1,3.0,3.0
CO,LINCOLN,1,0,0,nan,nan
WA,KITSAP,1,100,1,2.0,2.0
NE,COLFAX,1,100,0,nan,nan
OR,GRANT,1,0,0,nan,nan
MN,JACKSON,1,100,0,nan,nan
MS,HOLMES,1,0,0,2.0,2.0
PR,ARROYO,1,100,1,nan,nan
TX,GUADALUPE,1,0,1,3.0,3.0
TN,WAYNE,1,0,1,3.0,3.0
NC,ASHE,1,100,0,4.0,4.0
TX,MADISON,1,0,0,nan,nan
OK,GRADY,1,0,1,4.0,4.0
CA,MARIPOSA,1,0,0,nan,nan
GA,LIBERTY,1,0,0,3.0,3.0
NE,PLATTE,1,0,1,4.0,4.0
MS,TALLAHATCHIE,1,0,0,nan,nan
IA,CASS,1,0,0,4.0,4.0
MT,DEER LODGE,1,100,0,3.0,3.0
MS,NOXUBEE,1,0,0,nan,nan
GA,WALTON,1,0,1,2.0,2.0
KY,TAYLOR,1,0,1,2.0,2.0
TX,PARKER,1,0,1,4.0,4.0
FL,MADISON,1,0,0,nan,nan
OH,HANCOCK,1,0,1,4.0,4.0
TX,NAVARRO,1,0,1,2.0,2.0
TN,JOHNSON,1,0,0,nan,nan
OK,CRAIG,1,100,1,nan,nan
MD,CARROLL,1,100,1,3.0,3.0
LA,SAINT HELENA,1,0,0,nan,nan
OK,COAL,1,100,0,3.0,3.0
IL,ADAMS,1,100,1,3.0,3.0
KS,SHERMAN,1,0,0,nan,nan
MS,MONTGOMERY,1,100,0,nan,nan
MI,MIDLAND,1,0,1,3.0,3.0
TN,WEAKLEY,1,0,1,3.0,3.0
WV,BARBOUR,1,100,0,nan,nan
TX,COCHRAN,1,0,0,nan,nan
ME,LINCOLN,1,100,0,3.0,3.0
IN,GREENE,1,0,0,3.0,3.0
VT,FRANKLIN,1,0,1,3.0,3.0
ID,MADISON,1,0,1,5.0,5.0
VA,CHARLOTTESVILLE CITY,1,0,1,2.0,2.0
WA,COWLITZ,1,0,1,3.0,3.0
TX,CULBERSON,1,0,0,nan,nan
IL,SHELBY,1,100,1,4.0,4.0
NM,LINCOLN,1,100,0,5.0,5.0
GA,CATOOSA,1,0,1,nan,nan
VA,FRANKLIN CITY,1,0,1,2.0,2.0
VT,BENNINGTON,1,100,1,5.0,5.0
IL,HANCOCK,1,100,0,3.0,3.0
SC,WILLIAMSBURG,1,100,0,nan,nan
KS,DOUGLAS,1,0,1,3.0,3.0
AR,LITTLE RIVER,1,0,0,nan,nan
IN,PORTER,1,0,1,4.0,4.0
AR,POPE,1,0,1,2.0,2.0
AL,JACKSON,1,0,1,3.0,3.0
CA,MADERA,1,0,1,2.0,2.0
OH,JACKSON,1,100,0,3.0,3.0
KS,MORTON,1,0,1,3.0,3.0
NE,FILLMORE,1,0,0,4.0,4.0
NC,PASQUOTANK,1,0,1,2.0,2.0
KS,MONTGOMERY,1,0,1,3.0,3.0
WI,TAYLOR,1,100,0,4.0,4.0
IL,GRUNDY,1,100,1,3.0,3.0
OH,WYANDOT,1,0,0,4.0,4.0
OK,OTTAWA,1,100,1,3.0,3.0
GA,CRISP,1,0,1,2.0,2.0
MI,MONROE,1,0,1,2.0,2.0
MI,IOSCO,1,0,1,4.0,4.0
FL,SAINT JOHNS,1,100,1,2.0,2.0
GA,EVANS,1,0,1,4.0,4.0
OH,MORROW,1,0,0,4.0,4.0
NE,HARLAN,1,0,0,nan,nan
TX,WHARTON,1,100,1,3.0,3.0
NY,COLUMBIA,1,100,1,2.0,2.0
OK,CHOCTAW,1,0,1,2.0,2.0
ID,POWER,1,0,0,nan,nan
SC,ANDERSON,1,100,1,3.0,3.0
MO,VERNON,1,0,1,4.0,4.0
NM,ROOSEVELT,1,0,1,3.0,3.0
TN,FRANKLIN,1,0,1,3.0,3.0
KS,HAMILTON,1,0,0,nan,nan
OK,DEWEY,1,0,0,nan,nan
VA,DANVILLE CITY,1,0,1,1.0,1.0
MN,MORRISON,1,100,0,4.0,4.0
IN,DAVIESS,1,0,1,4.0,4.0
SD,BROOKINGS,1,0,1,4.0,4.0
TX,FAYETTE,1,100,1,4.0,4.0
NM,QUAY,1,100,0,nan,nan
MI,KALKASKA,1,0,0,nan,nan
TX,NOLAN,1,0,1,4.0,4.0
IL,PIATT,1,100,0,nan,nan
TN,WILSON,1,100,1,2.0,2.0
IL,LEE,1,100,1,4.0,4.0
KS,FORD,1,0,1,4.0,4.0
MT,LIBERTY,1,100,0,nan,nan
SD,TRIPP,1,100,0,nan,nan
VA,HAMPTON CITY,1,100,1,3.0,3.0
NC,LENOIR,1,100,1,1.0,1.0
AR,CLARK,1,100,0,3.0,3.0
AL,WILCOX,1,0,1,nan,nan
IA,CRAWFORD,1,0,0,2.0,2.0
WV,PRESTON,1,100,0,4.0,4.0
TX,PALO PINTO,1,0,1,2.0,2.0
AR,SEVIER,1,0,0,nan,nan
SD,BRULE,1,100,0,nan,nan
IN,DUBOIS,1,0,1,5.0,5.0
KS,STANTON,1,0,0,nan,nan
MO,LAWRENCE,1,0,0,4.0,4.0
LA,SAINT BERNARD,1,0,1,2.0,2.0
ID,BLAINE,1,100,0,nan,nan
IA,JACKSON,1,0,0,nan,nan
NC,CARTERET,1,0,1,3.0,3.0
VA,MANASSAS CITY,1,100,1,2.0,2.0
MN,ISANTI,1,100,1,4.0,4.0
MI,ALGER,1,100,0,nan,nan
NY,WARREN,1,100,1,3.0,3.0
CO,FREMONT,1,100,1,3.0,3.0
KS,SCOTT,1,100,0,nan,nan
MN,LAKE,1,100,0,4.0,4.0
WA,JEFFERSON,1,0,0,4.0,4.0
SD,YANKTON,1,100,1,4.0,4.0
NC,EDGECOMBE,1,0,1,3.0,3.0
TN,CLAIBORNE,1,0,1,2.0,2.0
PA,CLARION,1,0,1,2.0,2.0
NE,SAUNDERS,1,0,0,nan,nan
GA,JACKSON,1,0,1,3.0,3.0
TX,THROCKMORTON,1,0,0,nan,nan
TX,FRIO,1,0,1,nan,nan
MN,AITKIN,1,100,0,4.0,4.0
IL,LAWRENCE,1,100,0,3.0,3.0
KY,SCOTT,1,0,1,4.0,4.0
OK,ADAIR,1,100,1,4.0,4.0
SD,MEADE,1,0,0,4.0,4.0
SC,ORANGEBURG,1,0,1,2.0,2.0
IL,BOND,1,100,1,3.0,3.0
OR,WASCO,1,0,1,3.0,3.0
MN,CLEARWATER,1,100,0,nan,nan
MI,CLARE,1,0,1,4.0,4.0
MO,BUCHANAN,1,100,1,5.0,5.0
CA,YUBA,1,100,1,1.0,1.0
CO,MONTEZUMA,1,100,0,3.0,3.0
SD,POTTER,1,0,0,nan,nan
OH,VAN WERT,1,100,1,3.0,3.0
IA,DAVIS,1,0,0,nan,nan
IA,KEOKUK,1,0,0,nan,nan
LA,WINN,1,0,1,3.0,3.0
NE,LINCOLN,1,100,1,3.0,3.0
IL,CRAWFORD,1,0,0,5.0,5.0
AL,CHEROKEE,1,100,1,4.0,4.0
KS,JEFFERSON,1,100,0,nan,nan
OR,TILLAMOOK,1,0,0,3.0,3.0
AL,CLAY,1,0,1,4.0,4.0
WV,TAYLOR,1,0,0,nan,nan
GA,MCDUFFIE,1,0,1,4.0,4.0
TN,BENTON,1,0,0,3.0,3.0
IA,MUSCATINE,1,100,1,4.0,4.0
AL,FAYETTE,1,0,1,4.0,4.0
ID,LEMHI,1,0,0,4.0,4.0
MS,JACKSON,1,0,1,1.0,1.0
GA,UNION,1,0,1,5.0,5.0
IN,DEARBORN,1,0,1,3.0,3.0
NE,THAYER,1,0,0,3.0,3.0
IA,GREENE,1,0,0,nan,nan
PA,ADAMS,1,0,1,4.0,4.0
KY,RUSSELL,1,0,0,3.0,3.0
CA,SAN BENITO,1,0,1,2.0,2.0
NC,ONSLOW,1,0,1,2.0,2.0
IA,SHELBY,1,0,0,4.0,4.0
VA,RUSSELL,1,100,1,3.0,3.0
NY,OSWEGO,1,100,1,3.0,3.0
NC,COLUMBUS,1,0,1,3.0,3.0
TN,DECATUR,1,0,1,2.0,2.0
AL,HALE,1,0,1,3.0,3.0
MS,WARREN,1,0,1,1.0,1.0
AK,BETHEL,1,0,1,3.0,3.0
AR,COLUMBIA,1,0,1,3.0,3.0
TN,CHEATHAM,1,0,0,nan,nan
TN,TROUSDALE,1,0,0,nan,nan
CO,CONEJOS,1,100,0,nan,nan
AK,KETCHIKAN GATEWAY,1,0,0,3.0,3.0
NE,ROCK,1,0,0,nan,nan
IA,WEBSTER,1,100,1,4.0,4.0
PA,LEBANON,1,0,1,3.0,3.0
NE,NUCKOLLS,1,100,0,4.0,4.0
AL,SAINT CLAIR,1,100,1,4.0,4.0
KY,HARRISON,1,0,1,3.0,3.0
TX,PARMER,1,100,0,nan,nan
WV,HARRISON,1,100,1,4.0,4.0
MS,UNION,1,0,1,4.0,4.0
MD,CECIL,1,100,1,3.0,3.0
GA,WHITFIELD,1,100,1,4.0,4.0
NE,ANTELOPE,1,100,0,3.0,3.0
FL,SUWANNEE,1,0,0,3.0,3.0
TX,HOUSTON,1,0,1,3.0,3.0
IN,VERMILLION,1,100,0,3.0,3.0
VA,SUFFOLK CITY,1,0,1,4.0,4.0
IN,STEUBEN,1,100,0,3.0,3.0
SC,LANCASTER,1,0,1,1.0,1.0
IA,BUCHANAN,1,0,0,4.0,4.0
TN,WARREN,1,0,1,4.0,4.0
AK,NOME,1,0,0,nan,nan
AL,GENEVA,1,100,1,3.0,3.0
AL,RANDOLPH,1,0,1,4.0,4.0
OK,OKFUSKEE,1,0,0,3.0,3.0
KY,HARDIN,1,0,1,3.0,3.0
IA,CLARKE,1,0,0,nan,nan
OK,DELAWARE,1,100,1,4.0,4.0
ID,TETON,1,100,0,nan,nan
KS,ROOKS,1,0,0,nan,nan
TN,JEFFERSON,1,0,1,3.0,3.0
MO,IRON,1,0,0,nan,nan
SC,MARION,1,0,1,2.0,2.0
IN,RUSH,1,0,0,4.0,4.0
SD,EDMUNDS,1,0,0,nan,nan
NY,ORLEANS,1,100,0,nan,nan
OR,HARNEY,1,0,0,nan,nan
MS,YALOBUSHA,1,0,1,4.0,4.0
UT,JUAB,1,100,0,5.0,5.0
OH,COSHOCTON,1,100,1,3.0,3.0
OK,MURRAY,1,0,0,5.0,5.0
MS,FRANKLIN,1,0,0,nan,nan
KS,SMITH,1,0,0,3.0,3.0
IN,KOSCIUSKO,1,0,1,3.0,3.0
WI,RICHLAND,1,100,0,4.0,4.0
KY,KENTON,1,0,1,4.0,4.0
IN,CLAY,1,100,0,3.0,3.0
CO,ROUTT,1,100,1,4.0,4.0
UT,GRAND,1,100,0,nan,nan
AL,LAUDERDALE,1,0,1,2.0,2.0
NE,BROWN,1,0,0,nan,nan
NC,MOORE,1,100,1,4.0,4.0
AR,CLEBURNE,1,100,0,4.0,4.0
SD,HAND,1,100,0,nan,nan
AL,SHELBY,1,100,1,3.0,3.0
VA,GLOUCESTER,1,100,1,4.0,4.0
WA,MASON,1,0,0,3.0,3.0
MO,TEXAS,1,0,1,3.0,3.0
FL,TAYLOR,1,100,1,3.0,3.0
FL,FRANKLIN,1,0,0,nan,nan
MO,CALLAWAY,1,100,1,3.0,3.0
LA,BOSSIER,1,100,1,4.0,4.0
MI,SHIAWASSEE,1,0,1,2.0,2.0
AL,TUSCALOOSA,1,0,1,2.0,2.0
AR,BRADLEY,1,100,0,4.0,4.0
GA,WORTH,1,100,0,nan,nan
MI,BRANCH,1,0,1,3.0,3.0
LA,SAINT MARTIN,1,100,0,nan,nan
ND,DIVIDE,1,100,0,nan,nan
MI,DELTA,1,0,0,4.0,4.0
ID,CASSIA,1,100,0,4.0,4.0
TN,HANCOCK,1,100,0,nan,nan
MD,SAINT MARYS,1,100,1,3.0,3.0
MT,DANIELS,1,0,0,nan,nan
MO,RIPLEY,1,100,1,3.0,3.0
NE,GARDEN,1,100,0,nan,nan
LA,MADISON,1,0,0,nan,nan
TN,HOUSTON,1,0,1,4.0,4.0
TN,BLEDSOE,1,0,0,nan,nan
IL,WASHINGTON,1,0,0,4.0,4.0
IN,PULASKI,1,0,0,4.0,4.0
OK,JACKSON,1,0,1,3.0,3.0
IN,SULLIVAN,1,0,0,3.0,3.0
IN,STARKE,1,0,1,4.0,4.0
WV,WOOD,1,100,1,1.0,1.0
NC,GASTON,1,0,1,4.0,4.0
CO,BROOMFIELD,1,100,1,3.0,3.0
NE,SCOTTS BLUFF,1,100,1,2.0,2.0
LA,POINTE COUPEE,1,0,0,nan,nan
TX,VAN ZANDT,1,0,1,nan,nan
TX,CASTRO,1,0,0,nan,nan
TX,HANSFORD,1,0,0,nan,nan
TX,PANOLA,1,100,1,3.0,3.0
SD,FAULK,1,100,0,nan,nan
CO,SEDGWICK,1,0,0,nan,nan
FL,BAKER,1,0,1,nan,nan
AK,JUNEAU,1,0,1,3.0,3.0
MS,COPIAH,1,0,0,2.0,2.0
MS,CALHOUN,1,100,0,3.0,3.0
NC,CUMBERLAND,1,100,1,3.0,3.0
TX,POLK,1,100,1,3.0,3.0
OK,WASHITA,1,0,0,nan,nan
VA,BUCHANAN,1,100,1,3.0,3.0
NE,MERRICK,1,0,0,4.0,4.0
AL,DALE,1,0,1,4.0,4.0
PR,AIBONITO,1,100,1,nan,nan
NV,LINCOLN,1,0,0,nan,nan
MN,MARTIN,1,100,1,3.0,3.0
IA,OSCEOLA,1,100,0,4.0,4.0
GA,POLK,1,100,0,nan,nan
VA,SHENANDOAH,1,100,0,4.0,4.0
MS,JASPER,1,0,1,nan,nan
AR,SALINE,1,0,1,2.0,2.0
MT,MUSSELSHELL,1,0,0,nan,nan
NC,LEE,1,100,1,2.0,2.0
TN,LINCOLN,1,0,1,3.0,3.0
FL,LEVY,1,0,1,nan,nan
IL,LOGAN,1,100,0,4.0,4.0
KS,NORTON,1,0,0,nan,nan
NY,SARATOGA,1,100,1,4.0,4.0
NY,SCHOHARIE,1,100,1,3.0,3.0
WV,LEWIS,1,100,1,3.0,3.0
KS,MITCHELL,1,0,0,4.0,4.0
VA,PAGE,1,100,0,4.0,4.0
OH,AUGLAIZE,1,100,1,5.0,5.0
TX,COLLINGSWORTH,1,0,0,nan,nan
GA,TIFT,1,0,1,2.0,2.0
NC,POLK,1,100,0,4.0,4.0
OH,HENRY,1,100,0,4.0,4.0
LA,ASSUMPTION,1,100,0,nan,nan
TX,CHILDRESS,1,0,1,4.0,4.0
SC,SUMTER,1,100,1,3.0,3.0
LA,RED RIVER,1,100,0,nan,nan
AS,,1,0,1,nan,nan
AL,CRENSHAW,1,0,1,4.0,4.0
OK,ATOKA,1,0,0,nan,nan
CO,LAS ANIMAS,1,100,0,nan,nan
OK,NOWATA,1,100,0,nan,nan
TN,ROANE,1,0,1,3.0,3.0
AR,CRAWFORD,1,0,1,3.0,3.0
MT,HILL,1,100,1,3.0,3.0
NC,STOKES,1,0,0,nan,nan
GA,RABUN,1,0,0,nan,nan
TN,MCMINN,1,0,1,3.0,3.0
PA,WYOMING,1,0,1,4.0,4.0
AR,HOWARD,1,100,0,4.0,4.0
MN,BECKER,1,0,1,4.0,4.0
MS,LAWRENCE,1,0,0,nan,nan
TX,JACK,1,0,1,nan,nan
TX,KIMBLE,1,0,0,4.0,4.0
OK,BECKHAM,1,100,1,2.0,2.0
IN,WHITLEY,1,100,1,4.0,4.0
AR,DREW,1,100,1,3.0,3.0
MN,COOK,1,0,0,nan,nan
MS,KEMPER,1,100,0,nan,nan
MD,FREDERICK,1,100,1,5.0,5.0
MT,PARK,1,100,0,3.0,3.0
CO,EAGLE,1,0,1,4.0,4.0
MT,MEAGHER,1,100,0,nan,nan
KY,HARLAN,1,0,1,1.0,1.0
ND,MOUNTRAIL,1,100,0,nan,nan
SD,DEUEL,1,100,0,nan,nan
MI,GOGEBIC,1,100,0,4.0,4.0
GA,DOUGLAS,1,100,1,4.0,4.0
TN,HICKMAN,1,100,0,nan,nan
KY,CUMBERLAND,1,0,0,4.0,4.0
KY,SIMPSON,1,100,0,3.0,3.0
NC,CRAVEN,1,0,1,5.0,5.0
AR,SCOTT,1,100,0,nan,nan
MO,RANDOLPH,1,0,1,4.0,4.0
MO,ADAIR,1,0,1,3.0,3.0
KY,GREEN,1,100,0,1.0,1.0
SC,EDGEFIELD,1,0,0,nan,nan
NE,NEMAHA,1,0,0,4.0,4.0
CO,CHEYENNE,1,0,1,nan,nan
TX,HASKELL,1,0,0,nan,nan
WY,ALBANY,1,0,1,4.0,4.0
NC,CHEROKEE,1,100,0,3.0,3.0
MI,GRATIOT,1,100,1,5.0,5.0
AL,BULLOCK,1,0,1,3.0,3.0
MN,KANABEC,1,0,0,4.0,4.0
MD,ALLEGANY,1,100,1,2.0,2.0
PA,TIOGA,1,100,0,nan,nan
TX,STONEWALL,1,0,0,nan,nan
WA,COLUMBIA,1,0,0,nan,nan
NC,RUTHERFORD,1,0,1,3.0,3.0
GA,BLECKLEY,1,0,0,3.0,3.0
NE,PERKINS,1,0,0,nan,nan
MN,ROCK,1,100,0,4.0,4.0
TX,WILSON,1,0,1,4.0,4.0
TN,DEKALB,1,0,1,3.0,3.0
GA,BEN HILL,1,0,1,3.0,3.0
OH,MADISON,1,100,1,4.0,4.0
MN,CHIPPEWA,1,0,0,2.0,2.0
MN,WADENA,1,0,0,4.0,4.0
AL,RUSSELL,1,0,1,4.0,4.0
NC,WILKES,1,0,1,3.0,3.0
KS,REPUBLIC,1,100,0,2.0,2.0
NC,MONTGOMERY,1,100,0,5.0,5.0
LA,EAST FELICIANA,1,0,1,nan,nan
TX,COMAL,1,0,1,3.0,3.0
GA,SEMINOLE,1,100,1,3.0,3.0
WI,VILAS,1,100,0,4.0,4.0
KS,LANE,1,0,0,nan,nan
OH,JEFFERSON,1,0,1,4.0,4.0
GA,MERIWETHER,1,0,0,nan,nan
MN,FARIBAULT,1,0,0,3.0,3.0
VA,HARRISONBURG CITY,1,100,1,4.0,4.0
NC,BURKE,1,0,1,2.0,2.0
GA,TROUP,1,0,1,4.0,4.0
MT,PONDERA,1,100,0,nan,nan
KS,PRATT,1,100,1,4.0,4.0
SD,DOUGLAS,1,100,0,nan,nan
PA,BUTLER,1,100,1,4.0,4.0
WV,WEBSTER,1,0,0,nan,nan
SD,JERAULD,1,100,0,nan,nan
OH,MERCER,1,0,1,4.0,4.0
MO,GASCONADE,1,0,0,nan,nan
KY,MUHLENBERG,1,100,1,3.0,3.0
NY,CATTARAUGUS,1,0,1,2.0,2.0
KY,OWEN,1,0,0,nan,nan
IA,PALO ALTO,1,0,0,nan,nan
NE,DODGE,1,0,1,3.0,3.0
KY,NELSON,1,100,1,3.0,3.0
TX,KARNES,1,0,0,3.0,3.0
TX,MEDINA,1,0,0,4.0,4.0
WI,SHAWANO,1,100,0,3.0,3.0
AR,DALLAS,1,0,0,nan,nan
MO,LIVINGSTON,1,100,0,4.0,4.0
TN,CLAY,1,0,0,nan,nan
CO,DELTA,1,0,1,4.0,4.0
IN,MONTGOMERY,1,0,1,4.0,4.0
PR,GUAYNABO,1,0,1,nan,nan
OH,DELAWARE,1,100,1,4.0,4.0
AR,FULTON,1,0,0,3.0,3.0
MS,YAZOO,1,100,0,3.0,3.0
OK,BRYAN,1,0,1,2.0,2.0
GA,BUTTS,1,0,0,nan,nan
NE,JOHNSON,1,0,0,nan,nan
IA,PLYMOUTH,1,0,0,4.0,4.0
TX,DEAF SMITH,1,0,1,4.0,4.0
TX,HILL,1,100,1,3.0,3.0
VA,MARTINSVILLE CITY,1,0,1,1.0,1.0
TX,BAILEY,1,0,0,nan,nan
NY,CLINTON,1,100,1,3.0,3.0
MO,NEWTON,1,100,0,nan,nan
IL,DEWITT,1,0,0,nan,nan
NY,SCHUYLER,1,100,0,nan,nan
MN,NOBLES,1,100,1,4.0,4.0
NM,UNION,1,0,0,nan,nan
LA,NATCHITOCHES,1,0,1,4.0,4.0
MI,MASON,1,0,1,4.0,4.0
IA,KOSSUTH,1,0,0,2.0,2.0
TX,FISHER,1,0,0,nan,nan
IA,CALHOUN,1,100,0,4.0,4.0
MS,WINSTON,1,100,1,nan,nan
KY,OHIO,1,0,0,3.0,3.0
KY,CAMPBELL,1,100,1,3.0,3.0
MS,MADISON,1,0,1,2.0,2.0
NY,LEWIS,1,0,0,4.0,4.0
NC,HERTFORD,1,100,1,2.0,2.0
MI,ONTONAGON,1,0,0,nan,nan
TX,DALLAM,1,0,0,nan,nan
GA,APPLING,1,0,1,3.0,3.0
KY,UNION,1,0,0,4.0,4.0
GA,BERRIEN,1,0,1,nan,nan
MS,HANCOCK,1,0,1,4.0,4.0
ND,PEMBINA,1,100,0,3.0,3.0
WY,GOSHEN,1,100,0,3.0,3.0
NE,RICHARDSON,1,100,0,4.0,4.0
ID,BONNER,1,100,0,4.0,4.0
NC,AVERY,1,100,0,nan,nan
MT,ROSEBUD,1,100,0,nan,nan
NE,CHASE,1,0,0,nan,nan
SD,MOODY,1,100,0,nan,nan
MT,RICHLAND,1,100,0,3.0,3.0
VA,LEXINGTON CITY,1,100,0,4.0,4.0
IL,MCDONOUGH,1,0,1,3.0,3.0
IN,WARREN,1,0,0,3.0,3.0
NC,HAYWOOD,1,0,1,3.0,3.0
OK,ELLIS,1,0,0,nan,nan
KY,PERRY,1,100,1,2.0,2.0
PR,VEGA BAJA,1,0,1,nan,nan
AR,CROSS,1,100,0,5.0,5.0
SD,KINGSBURY,1,100,0,nan,nan
MT,RAVALLI,1,100,0,4.0,4.0
CO,PITKIN,1,0,0,5.0,5.0
KY,DAVIESS,1,100,1,4.0,4.0
NC,STANLY,1,100,1,2.0,2.0
WI,WAUSHARA,1,100,0,nan,nan
SC,NEWBERRY,1,0,1,4.0,4.0
MS,PANOLA,1,0,1,3.0,3.0
PA,FULTON,1,100,0,4.0,4.0
GA,UPSON,1,0,1,2.0,2.0
IA,POCAHONTAS,1,0,0,nan,nan
NC,UNION,1,0,1,2.0,2.0
WI,DOOR,1,0,0,4.0,4.0
TX,HALE,1,100,1,4.0,4.0
IN,JENNINGS,1,0,0,3.0,3.0
MI,MANISTEE,1,0,1,4.0,4.0
KY,CALLOWAY,1,0,1,3.0,3.0
TX,FREESTONE,1,100,1,3.0,3.0
TN,BEDFORD,1,0,1,2.0,2.0
IA,APPANOOSE,1,100,0,4.0,4.0
TX,STEPHENS,1,0,1,3.0,3.0
WY,PLATTE,1,0,0,3.0,3.0
PA,POTTER,1,0,0,3.0,3.0
IN,SHELBY,1,0,1,4.0,4.0
GA,TOOMBS,1,0,1,3.0,3.0
OK,JEFFERSON,1,0,0,nan,nan
MS,LINCOLN,1,0,1,3.0,3.0
MN,PINE,1,100,0,nan,nan
LA,CONCORDIA,1,0,0,nan,nan
OH,LAKE,1,100,1,4.0,4.0
IN,MORGAN,1,0,1,5.0,5.0
TN,POLK,1,0,0,nan,nan
KS,BOURBON,1,0,1,3.0,3.0
IA,HENRY,1,0,0,4.0,4.0
KY,LOGAN,1,0,1,4.0,4.0
NY,TOMPKINS,1,100,1,2.0,2.0
NJ,SUSSEX,1,100,1,4.0,4.0
MO,DENT,1,0,0,4.0,4.0
GA,THOMAS,1,100,1,4.0,4.0
SC,HAMPTON,1,100,1,3.0,3.0
TX,ATASCOSA,1,0,1,3.0,3.0
KS,OTTAWA,1,0,0,nan,nan
TX,FANNIN,1,0,0,nan,nan
VA,ROANOKE CITY,1,100,1,2.0,2.0
UT,GARFIELD,1,0,0,nan,nan
TX,KNOX,1,0,1,nan,nan
IL,FAYETTE,1,0,0,nan,nan
TX,WALKER,1,100,1,1.0,1.0
KY,GRAYSON,1,0,1,4.0,4.0
MT,WHEATLAND,1,0,0,nan,nan
MT,CUSTER,1,100,0,2.0,2.0
TX,CALHOUN,1,0,0,3.0,3.0
IA,DALLAS,1,0,0,nan,nan
MT,TOOLE,1,0,0,nan,nan
CO,GUNNISON,1,0,0,nan,nan
IA,UNION,1,0,0,4.0,4.0
AR,VAN BUREN,1,100,0,4.0,4.0
MO,PIKE,1,0,0,4.0,4.0
WV,JACKSON,1,0,0,4.0,4.0
MO,ATCHISON,1,100,0,nan,nan
NC,CALDWELL,1,0,1,3.0,3.0
KY,LINCOLN,1,100,0,nan,nan
TX,CAMP,1,0,0,4.0,4.0
KY,MONROE,1,0,1,4.0,4.0
MI,OTSEGO,1,100,1,4.0,4.0
AR,FRANKLIN,1,100,0,nan,nan
IA,CHEROKEE,1,100,0,3.0,3.0
OK,KIOWA,1,0,1,2.0,2.0
IA,MONTGOMERY,1,0,0,4.0,4.0
IA,ALLAMAKEE,1,0,0,4.0,4.0
TX,KAUFMAN,1,100,1,3.0,3.0
MS,CLAIBORNE,1,0,0,nan,nan
IL,PIKE,1,100,0,3.0,3.0
WY,SHERIDAN,1,0,1,3.0,3.0
MO,NODAWAY,1,0,1,4.0,4.0
NC,SCOTLAND,1,100,1,4.0,4.0
UT,SEVIER,1,100,1,4.0,4.0
MS,JEFFERSON DAVIS,1,0,0,nan,nan
WV,UPSHUR,1,100,0,3.0,3.0
UT,TOOELE,1,0,1,4.0,4.0
MT,BROADWATER,1,100,0,nan,nan
MA,HAMPSHIRE,1,100,1,3.0,3.0
WY,CONVERSE,1,0,0,4.0,4.0
GA,GRADY,1,100,1,4.0,4.0
VT,RUTLAND,1,100,1,4.0,4.0
KS,CLAY,1,0,0,3.0,3.0
IA,IOWA,1,0,0,nan,nan
TX,HAMILTON,1,0,1,5.0,5.0
MI,BARAGA,1,0,0,3.0,3.0
TX,HOCKLEY,1,100,1,4.0,4.0
LA,SAINT JAMES,1,0,0,3.0,3.0
GA,FAYETTE,1,100,1,2.0,2.0
VA,FAUQUIER,1,100,1,2.0,2.0
AR,ASHLEY,1,100,0,3.0,3.0
ND,FOSTER,1,100,0,4.0,4.0
MO,PLATTE,1,100,1,4.0,4.0
OH,GALLIA,1,100,1,2.0,2.0
TN,ANDERSON,1,100,1,3.0,3.0
OK,SEMINOLE,1,0,1,4.0,4.0
WV,SUMMERS,1,100,0,nan,nan
MS,GRENADA,1,0,1,2.0,2.0
VA,FREDERICKSBURG CITY,1,100,1,2.0,2.0
MN,MILLE LACS,1,100,0,3.0,3.0
TX,SAN AUGUSTINE,1,100,0,nan,nan
GA,CHEROKEE,1,0,1,2.0,2.0
IL,WOODFORD,1,100,0,4.0,4.0
TN,GILES,1,0,1,3.0,3.0
MN,SIBLEY,1,100,0,nan,nan
KS,ELLIS,1,0,1,4.0,4.0
MO,PHELPS,1,0,1,3.0,3.0
KS,LINCOLN,1,0,0,nan,nan
IL,HARDIN,1,100,0,nan,nan
GA,HARALSON,1,0,0,4.0,4.0
IA,GRUNDY,1,0,0,3.0,3.0
MT,GARFIELD,1,0,0,nan,nan
IA,WAYNE,1,0,0,4.0,4.0
KY,LESLIE,1,100,0,nan,nan
WV,MARSHALL,1,100,1,3.0,3.0
VA,PORTSMOUTH CITY,1,100,1,2.0,2.0
WV,MINGO,1,100,1,3.0,3.0
VT,ORLEANS,1,100,0,3.0,3.0
CA,TEHAMA,1,0,1,3.0,3.0
IA,BUENA VISTA,1,0,0,4.0,4.0
MS,PRENTISS,1,0,1,4.0,4.0
NY,CHENANGO,1,100,1,3.0,3.0
KS,GREELEY,1,0,0,nan,nan
MT,MINERAL,1,100,0,nan,nan
GA,WASHINGTON,1,0,1,3.0,3.0
MN,MEEKER,1,0,0,nan,nan
NH,SULLIVAN,1,100,0,4.0,4.0
IA,CERRO GORDO,1,100,1,4.0,4.0
MO,SULLIVAN,1,0,0,nan,nan
TX,GONZALES,1,0,1,3.0,3.0
MI,SCHOOLCRAFT,1,0,0,4.0,4.0
AR,INDEPENDENCE,1,100,1,4.0,4.0
AR,JEFFERSON,1,100,1,1.0,1.0
NY,HERKIMER,1,100,0,4.0,4.0
IL,FRANKLIN,1,0,0,2.0,2.0
MP,,1,0,1,nan,nan
ND,RANSOM,1,100,0,4.0,4.0
AR,CONWAY,1,0,0,nan,nan
TX,SUTTON,1,0,0,nan,nan
NE,PHELPS,1,100,0,4.0,4.0
TN,WHITE,1,0,1,3.0,3.0
IA,DES MOINES,1,100,1,3.0,3.0
MO,PETTIS,1,0,1,3.0,3.0
MS,MARION,1,0,1,3.0,3.0
IN,FULTON,1,0,0,4.0,4.0
NH,CHESHIRE,1,100,1,4.0,4.0
SD,UNION,1,0,1,4.0,4.0
UT,IRON,1,100,1,4.0,4.0
MS,ADAMS,1,0,1,2.0,2.0
PR,YAUCO,1,0,1,nan,nan
TX,HOWARD,1,0,1,2.0,2.0
MN,BLUE EARTH,1,100,1,4.0,4.0
KS,KEARNY,1,0,0,nan,nan
TX,FALLS,1,100,1,4.0,4.0
MS,WASHINGTON,1,0,1,1.0,1.0
DE,KENT,1,100,1,3.0,3.0
KS,HODGEMAN,1,0,0,nan,nan
GA,MITCHELL,1,0,0,nan,nan
MS,CHOCTAW,1,0,0,nan,nan
TN,OBION,1,100,1,3.0,3.0
AL,BLOUNT,1,100,0,3.0,3.0
WV,BERKELEY,1,100,1,3.0,3.0
PA,MIFFLIN,1,100,1,3.0,3.0
GA,MONROE,1,0,0,nan,nan
KY,HART,1,100,0,4.0,4.0
ND,WELLS,1,100,0,nan,nan
WI,DOUGLAS,1,100,0,3.0,3.0
SD,CUSTER,1,100,0,nan,nan
TX,LAMAR,1,0,1,2.0,2.0
OK,TEXAS,1,0,1,3.0,3.0
OR,MORROW,1,0,0,nan,nan
MT,SILVER BOW,1,100,1,3.0,3.0
VA,CULPEPER,1,0,1,2.0,2.0
GA,FORSYTH,1,100,1,2.0,2.0
CA,DEL NORTE,1,0,1,3.0,3.0
MT,GRANITE,1,0,0,nan,nan
TX,COLEMAN,1,0,0,3.0,3.0
IN,WABASH,1,100,0,4.0,4.0
AR,UNION,1,0,1,2.0,2.0
LA,FRANKLIN,1,0,1,3.0,3.0
AL,COFFEE,1,0,1,2.0,2.0
KY,CLAY,1,0,1,4.0,4.0
SD,MCPHERSON,1,0,0,nan,nan
NE,SEWARD,1,100,0,4.0,4.0
WI,LAFAYETTE,1,0,0,3.0,3.0
IN,JAY,1,0,0,4.0,4.0
OK,MCCURTAIN,1,100,1,2.0,2.0
KY,MARION,1,0,1,3.0,3.0
KS,PHILLIPS,1,0,0,nan,nan
TX,BREWSTER,1,0,0,4.0,4.0
AL,MARENGO,1,0,1,2.0,2.0
KS,ELLSWORTH,1,0,0,nan,nan
PA,MONTOUR,1,100,1,2.0,2.0
NE,CUMING,1,100,0,4.0,4.0
GA,COOK,1,0,1,3.0,3.0
AR,IZARD,1,100,0,nan,nan
WI,PEPIN,1,0,0,nan,nan
KY,BOONE,1,100,1,2.0,2.0
WV,RANDOLPH,1,100,1,2.0,2.0
MD,WICOMICO,1,100,1,5.0,5.0
ND,MCKENZIE,1,100,0,nan,nan
IL,FULTON,1,0,1,3.0,3.0
CT,NEW LONDON,2,50,2,4.0,4.0
ID,IDAHO,2,50,0,3.0,3.0
NM,LEA,2,0,1,3.0,3.0
WY,SWEETWATER,2,0,2,3.0,3.0
AR,YELL,2,50,1,3.0,3.0
LA,ACADIA,2,0,1,2.0,2.0
MN,ANOKA,2,50,2,4.0,4.0
UT,CACHE,2,50,2,3.0,3.0
WI,ONEIDA,2,50,2,4.0,4.0
TX,LIMESTONE,2,0,1,4.0,4.0
AL,CLARKE,2,0,2,3.0,3.0
TX,RUNNELS,2,0,0,nan,nan
NE,OTOE,2,0,0,3.0,3.0
NJ,PASSAIC,2,0,2,1.5,1.5
NE,SARPY,2,0,2,3.0,3.0
VI,,2,0,2,2.0,2.0
NM,EDDY,2,0,2,2.5,2.5
CO,MORGAN,2,0,1,4.0,4.0
WY,BIG HORN,2,0,0,nan,nan
LA,AVOYELLES,2,0,1,3.0,3.0
TX,HAYS,2,100,2,2.5,2.5
NV,CARSON CITY,2,100,2,2.5,2.5
OK,PAYNE,2,0,2,4.5,4.5
IA,OBRIEN,2,50,0,3.0,3.0
LA,SAINT MARY,2,0,1,2.0,2.0
MO,CASS,2,50,1,3.5,3.5
ND,MCLEAN,2,50,0,nan,nan
WA,KLICKITAT,2,0,0,3.5,3.5
NH,STRAFFORD,2,100,2,4.5,4.5
GU,,2,50,2,2.0,2.0
ND,GRAND FORKS,2,0,1,3.0,3.0
FL,CITRUS,2,0,2,1.0,1.0
MI,LENAWEE,2,50,1,4.0,4.0
FL,INDIAN RIVER,2,0,2,2.0,2.0
IN,ELKHART,2,50,2,3.0,3.0
IL,KANKAKEE,2,50,2,3.5,3.5
RI,WASHINGTON,2,100,2,4.5,4.5
CA,NAPA,2,50,2,4.0,4.0
ID,BINGHAM,2,50,1,4.0,4.0
PR,GUAYANILLA,2,50,2,nan,nan
WA,LINCOLN,2,0,0,nan,nan
ND,TRAILL,2,100,0,3.0,3.0
OH,SENECA,2,50,1,5.0,5.0
MI,EATON,2,50,0,3.5,3.5
NM,CHAVES,2,0,2,2.5,2.5
MI,MARQUETTE,2,0,1,3.5,3.5
VA,TAZEWELL,2,0,2,3.5,3.5
CA,MERCED,2,100,2,2.0,2.0
IL,JEFFERSON,2,50,2,3.0,3.0
WI,MONROE,2,50,0,3.5,3.5
CO,LA PLATA,2,0,2,5.0,5.0
IA,LEE,2,100,2,3.0,3.0
KS,WILSON,2,0,0,4.0,4.0
OR,LINN,2,0,1,3.0,3.0
NC,CATAWBA,2,0,2,2.0,2.0
UT,SAN JUAN,2,50,0,nan,nan
MT,MADISON,2,0,0,nan,nan
UT,BEAVER,2,0,0,nan,nan
NC,DAVIDSON,2,100,2,2.5,2.5
WA,LEWIS,2,0,1,4.0,4.0
OH,SANDUSKY,2,0,2,4.0,4.0
CO,PUEBLO,2,50,2,3.5,3.5
MN,WRIGHT,2,0,1,4.0,4.0
NY,FRANKLIN,2,0,2,3.0,3.0
IL,MACOUPIN,2,100,0,4.0,4.0
IN,VANDERBURGH,2,100,2,2.5,2.5
WI,WASHBURN,2,50,0,4.0,4.0
LA,WASHINGTON,2,0,1,3.0,3.0
IN,TIPPECANOE,2,50,2,4.0,4.0
WY,PARK,2,0,0,3.5,3.5
OR,UMATILLA,2,50,0,4.0,4.0
PA,COLUMBIA,2,50,2,3.0,3.0
VT,WINDSOR,2,100,0,3.0,3.0
NC,MACON,2,100,0,3.5,3.5
ME,YORK,2,100,2,3.0,3.0
MT,GALLATIN,2,100,2,4.0,4.0
SD,CHARLES MIX,2,50,0,nan,nan
MN,BIG STONE,2,50,0,3.0,3.0
ME,PISCATAQUIS,2,50,0,3.0,3.0
SD,BROWN,2,50,2,4.0,4.0
KS,SHAWNEE,2,50,2,2.5,2.5
AL,FRANKLIN,2,0,1,4.0,4.0
IN,FLOYD,2,50,2,3.5,3.5
GA,HOUSTON,2,100,2,4.0,4.0
OK,ROGERS,2,0,2,3.0,3.0
MN,YELLOW MEDICINE,2,0,0,4.0,4.0
LA,VERNON,2,0,2,2.0,2.0
KS,WASHINGTON,2,0,0,nan,nan
IL,TAZEWELL,2,100,1,3.5,3.5
SD,HUTCHINSON,2,100,0,4.0,4.0
CO,PHILLIPS,2,0,0,nan,nan
TX,ROCKWALL,2,0,2,3.0,3.0
WI,LA CROSSE,2,100,2,4.5,4.5
PA,CUMBERLAND,2,50,2,4.0,4.0
TN,CUMBERLAND,2,50,2,2.5,2.5
CT,WINDHAM,2,100,2,4.0,4.0
NY,OTSEGO,2,50,2,2.5,2.5
GA,COWETA,2,50,2,3.5,3.5
TX,CHAMBERS,2,0,0,nan,nan
FL,HERNANDO,2,0,2,2.0,2.0
NY,SCHENECTADY,2,50,2,2.0,2.0
TN,WASHINGTON,2,100,2,3.5,3.5
OR,YAMHILL,2,50,2,4.0,4.0
IL,KNOX,2,0,2,3.0,3.0
MO,SAINT FRANCOIS,2,100,1,4.0,4.0
WI,OCONTO,2,100,0,4.0,4.0
TX,HARDEMAN,2,0,0,nan,nan
MN,CROW WING,2,50,1,3.5,3.5
MI,VAN BUREN,2,50,1,4.0,4.0
IA,POTTAWATTAMIE,2,100,2,3.0,3.0
OR,DESCHUTES,2,100,2,4.0,4.0
PR,MANATI,2,0,2,nan,nan
TN,SUMNER,2,0,2,2.5,2.5
KY,MCCRACKEN,2,0,2,2.5,2.5
MI,TUSCOLA,2,100,0,3.5,3.5
WV,OHIO,2,50,2,2.0,2.0
IA,PAGE,2,50,0,3.0,3.0
CA,MODOC,2,0,0,nan,nan
WA,GRAYS HARBOR,2,50,1,1.5,1.5
WI,WOOD,2,50,2,3.5,3.5
PA,MONROE,2,100,2,4.0,4.0
MN,OLMSTED,2,50,2,4.5,4.5
KS,RILEY,2,0,2,4.0,4.0
OK,CUSTER,2,0,1,3.5,3.5
OH,SCIOTO,2,50,2,3.0,3.0
NC,HALIFAX,2,100,1,3.0,3.0
MO,BUTLER,2,50,2,2.0,2.0
MO,BARRY,2,50,0,4.0,4.0
VA,PETERSBURG CITY,2,0,2,2.0,2.0
ME,KENNEBEC,2,50,2,4.0,4.0
MS,FORREST,2,50,2,2.0,2.0
PA,CRAWFORD,2,100,1,3.0,3.0
WV,MONONGALIA,2,100,2,2.5,2.5
AL,TALLAPOOSA,2,50,2,3.0,3.0
TN,GREENE,2,100,2,2.5,2.5
IL,WILLIAMSON,2,50,2,2.5,2.5
IL,SANGAMON,2,50,2,2.5,2.5
NM,SANTA FE,2,50,2,3.0,3.0
WI,MARATHON,2,50,2,4.0,4.0
GA,COLQUITT,2,0,2,2.0,2.0
VA,VIRGINIA BEACH CITY,2,0,2,3.5,3.5
TX,MCLENNAN,2,100,2,2.5,2.5
AL,ESCAMBIA,2,0,2,3.0,3.0
IA,CLAYTON,2,50,0,nan,nan
MI,SAINT JOSEPH,2,0,2,3.0,3.0
AZ,YAVAPAI,2,50,2,4.0,4.0
OK,BLAINE,2,0,0,nan,nan
CT,LITCHFIELD,2,50,2,2.5,2.5
AK,SITKA,2,50,0,nan,nan
FL,SAINT LUCIE,2,0,2,1.0,1.0
LA,ALLEN,2,0,2,3.0,3.0
WI,WALWORTH,2,100,1,4.5,4.5
MO,CAPE GIRARDEAU,2,50,2,2.5,2.5
UT,WEBER,2,50,2,3.5,3.5
KS,BUTLER,2,50,2,4.0,4.0
WI,WASHINGTON,2,100,2,3.5,3.5
MI,CALHOUN,2,0,2,4.5,4.5
PR,ARECIBO,2,50,2,nan,nan
MI,HOUGHTON,2,50,1,3.0,3.0
FL,HIGHLANDS,2,0,2,2.5,2.5
NH,CARROLL,2,100,0,3.5,3.5
TX,ELLIS,2,50,2,4.5,4.5
IA,WRIGHT,2,0,0,4.0,4.0
KS,CHEROKEE,2,0,1,5.0,5.0
IA,FAYETTE,2,50,0,nan,nan
AL,MADISON,2,0,2,2.0,2.0
GA,GWINNETT,2,0,2,3.0,3.0
NE,YORK,2,100,0,4.0,4.0
KS,LEAVENWORTH,2,50,2,4.0,4.0
TX,ANGELINA,2,50,2,4.0,4.0
LA,CALDWELL,2,0,2,4.0,4.0
KY,BELL,2,50,2,2.5,2.5
ND,WALSH,2,50,0,nan,nan
VA,CHESTERFIELD,2,0,2,3.0,3.0
TX,VICTORIA,2,0,2,3.5,3.5
FL,SEMINOLE,2,0,2,2.0,2.0
GA,CARROLL,2,0,2,2.5,2.5
TX,ECTOR,2,0,2,2.0,2.0
IL,ROCK ISLAND,2,0,2,2.5,2.5
LA,VERMILION,2,0,1,3.0,3.0
FL,COLUMBIA,2,100,2,3.5,3.5
NY,ALLEGANY,2,100,1,2.0,2.0
WA,CLARK,2,100,2,2.5,2.5
OH,WASHINGTON,2,50,1,1.0,1.0
AR,MISSISSIPPI,2,0,1,1.0,1.0
SD,BON HOMME,2,0,0,nan,nan
LA,UNION,2,50,0,3.0,3.0
WA,THURSTON,2,100,2,4.0,4.0
OK,CARTER,2,100,1,4.0,4.0
TX,TOM GREEN,2,50,2,4.0,4.0
NE,SALINE,2,50,0,4.0,4.0
NC,HENDERSON,2,50,2,4.5,4.5
VA,JAMES CITY,2,100,2,4.5,4.5
TX,WEBB,2,0,2,3.0,3.0
PR,FAJARDO,2,0,2,nan,nan
AR,FAULKNER,2,100,2,2.0,2.0
OK,OKMULGEE,2,0,2,3.0,3.0
ND,MCINTOSH,2,50,0,nan,nan
PA,CLEARFIELD,2,0,2,3.0,3.0
MN,COTTONWOOD,2,50,0,3.0,3.0
IL,WHITESIDE,2,0,1,4.0,4.0
MN,LINCOLN,2,100,0,nan,nan
ME,OXFORD,2,100,0,3.0,3.0
ME,WASHINGTON,2,100,0,4.0,4.0
OH,TRUMBULL,2,0,2,3.0,3.0
PA,FRANKLIN,2,100,2,3.5,3.5
VA,HENRICO,2,0,2,4.5,4.5
KS,NEMAHA,2,100,0,4.0,4.0
NM,SAN JUAN,2,50,2,2.5,2.5
SC,BEAUFORT,2,0,2,3.0,3.0
NY,DUTCHESS,2,100,2,2.0,2.0
OK,PONTOTOC,2,50,2,3.0,3.0
MN,OTTER TAIL,2,50,1,4.5,4.5
NM,OTERO,2,50,2,3.0,3.0
NY,CHEMUNG,2,100,2,3.0,3.0
ID,BONNEVILLE,2,0,2,4.5,4.5
KS,CRAWFORD,2,50,1,2.5,2.5
FL,LEON,2,50,2,3.0,3.0
MI,KALAMAZOO,2,50,2,4.5,4.5
MT,YELLOWSTONE,2,50,2,4.0,4.0
NC,NEW HANOVER,2,50,2,2.0,2.0
OR,DOUGLAS,2,0,1,3.0,3.0
TX,TAYLOR,2,50,2,3.5,3.5
UT,DAVIS,2,0,2,3.0,3.0
CA,SISKIYOU,2,0,0,2.5,2.5
NJ,WARREN,2,0,2,3.5,3.5
WA,WHITMAN,2,0,0,5.0,5.0
IA,SCOTT,2,50,2,3.0,3.0
OH,MEDINA,2,100,1,4.0,4.0
OR,LINCOLN,2,100,0,3.0,3.0
MO,SALINE,2,50,1,3.0,3.0
IN,HOWARD,2,50,2,3.5,3.5
MO,COLE,2,50,2,4.0,4.0
PA,CAMBRIA,2,0,2,3.0,3.0
LA,LA SALLE,2,0,1,3.0,3.0
IL,JACKSON,2,100,1,2.5,2.5
WA,ADAMS,2,0,0,nan,nan
NE,CUSTER,2,50,0,3.0,3.0
KS,LABETTE,2,0,1,5.0,5.0
MT,CASCADE,2,50,2,3.5,3.5
PR,CAGUAS,2,50,2,2.0,2.0
MN,CARLTON,2,50,0,4.0,4.0
TN,CARROLL,2,50,2,3.5,3.5
CA,YOLO,2,50,2,3.0,3.0
ND,CASS,2,100,2,3.5,3.5
OK,GARFIELD,2,50,2,4.5,4.5
MN,POLK,2,100,0,3.0,3.0
MN,BELTRAMI,2,50,2,3.0,3.0
NC,SURRY,2,50,2,3.5,3.5
LA,ASCENSION,2,50,1,4.0,4.0
OK,KAY,2,50,2,3.0,3.0
UT,BOX ELDER,2,50,2,4.0,4.0
LA,EVANGELINE,2,0,2,4.5,4.5
IN,MONROE,2,50,2,4.0,4.0
VA,PRINCE WILLIAM,2,100,2,2.5,2.5
TX,BURNET,2,100,1,3.5,3.5
SC,GEORGETOWN,2,100,2,3.5,3.5
NC,SWAIN,2,50,1,4.0,4.0
NE,HOLT,2,50,0,3.0,3.0
IL,SALINE,2,50,1,2.0,2.0
TN,COFFEE,2,0,2,2.5,2.5
KS,DICKINSON,2,0,0,nan,nan
SC,LEXINGTON,2,50,2,4.5,4.5
PA,CARBON,2,50,2,3.0,3.0
TX,WOOD,2,100,0,4.0,4.0
NJ,ATLANTIC,2,50,2,4.0,4.0
CA,NEVADA,2,0,1,3.5,3.5
OH,HURON,2,50,1,4.5,4.5
ND,WARD,2,100,1,2.0,2.0
ME,SOMERSET,2,50,0,4.0,4.0
IA,CLINTON,2,100,1,4.0,4.0
TX,UPTON,2,0,0,nan,nan
OK,LATIMER,2,0,2,4.0,4.0
MI,LIVINGSTON,2,50,2,4.0,4.0
PA,LAWRENCE,2,50,2,3.0,3.0
ND,BURLEIGH,2,100,2,3.5,3.5
TX,COOKE,2,0,1,3.0,3.0
WA,PACIFIC,2,0,0,3.0,3.0
WI,VERNON,2,100,0,4.5,4.5
KS,WYANDOTTE,2,0,2,4.5,4.5
IL,MARION,2,0,1,4.0,4.0
IL,PERRY,2,50,0,4.0,4.0
TX,DE WITT,2,50,1,3.5,3.5
MO,HOWELL,2,50,1,2.0,2.0
IA,WOODBURY,2,100,2,1.0,1.0
CA,LAKE,2,50,0,3.5,3.5
MD,ANNE ARUNDEL,2,50,2,2.5,2.5
TN,CAMPBELL,2,0,2,1.5,1.5
PA,CLINTON,2,50,1,4.0,4.0
AR,CARROLL,2,50,0,4.0,4.0
IN,VIGO,2,50,2,2.0,2.0
TX,CHEROKEE,2,100,1,4.0,4.0
MA,BERKSHIRE,2,50,1,4.0,4.0
WI,FOND DU LAC,2,100,1,3.0,3.0
MT,MISSOULA,2,50,2,4.0,4.0
NM,DONA ANA,2,0,2,1.5,1.5
KY,BOYD,2,100,2,2.0,2.0
OH,FAIRFIELD,2,50,2,3.0,3.0
WI,COLUMBIA,2,100,1,3.0,3.0
MT,LAKE,2,100,0,3.5,3.5
UT,SANPETE,2,50,0,3.5,3.5
SD,GREGORY,2,100,0,nan,nan
IN,LA PORTE,2,50,2,3.0,3.0
OK,CHEROKEE,2,0,2,3.5,3.5
IL,VERMILION,2,50,1,4.0,4.0
MN,GOODHUE,2,100,1,3.5,3.5
OR,CLATSOP,2,0,0,3.0,3.0
MN,SCOTT,2,50,1,3.5,3.5
IN,MARSHALL,2,50,1,4.5,4.5
GA,COBB,2,0,2,3.0,3.0
VA,MONTGOMERY,2,50,2,2.5,2.5
WV,CABELL,2,50,2,3.0,3.0
WI,KENOSHA,2,50,2,4.5,4.5
LA,WEBSTER,2,50,2,3.5,3.5
WA,WALLA WALLA,2,50,2,4.0,4.0
KY,WARREN,2,50,2,1.5,1.5
GA,CLARKE,2,50,2,3.5,3.5
CO,YUMA,2,0,0,3.0,3.0
KY,KNOX,2,50,1,1.5,1.5
ND,WILLIAMS,2,50,0,2.0,2.0
KS,SALINE,2,50,2,4.0,4.0
ID,KOOTENAI,2,0,2,4.5,4.5
IA,BREMER,2,50,0,5.0,5.0
GA,FLOYD,2,0,2,4.0,4.0
TN,HAMBLEN,2,0,2,2.5,2.5
OH,CRAWFORD,2,0,0,3.5,3.5
MT,GLACIER,2,50,1,nan,nan
ID,CANYON,2,0,2,3.5,3.5
MN,TODD,2,50,0,4.0,4.0
SC,DARLINGTON,2,50,2,2.0,2.0
AR,DESHA,2,100,0,nan,nan
MT,BIG HORN,2,0,0,3.0,3.0
MT,CHOUTEAU,2,50,0,nan,nan
TX,BOWIE,2,0,2,4.0,4.0
VT,WINDHAM,2,100,1,4.0,4.0
VA,LOUDOUN,2,50,2,4.0,4.0
AL,ELMORE,2,50,2,4.0,4.0
NY,BROOME,2,100,2,2.0,2.0
IA,JOHNSON,2,0,2,4.0,4.0
IA,MARION,2,50,0,3.0,3.0
AL,COLBERT,2,0,2,2.5,2.5
MN,WASHINGTON,2,100,2,4.5,4.5
TX,WHEELER,2,0,0,nan,nan
IL,MACON,2,50,2,4.0,4.0
AL,COVINGTON,2,50,2,2.5,2.5
AR,LOGAN,2,50,0,nan,nan
MN,MCLEOD,2,100,1,4.0,4.0
MD,HARFORD,2,50,2,2.5,2.5
WI,MANITOWOC,2,50,2,5.0,5.0
NJ,SALEM,2,100,2,3.0,3.0
PA,MCKEAN,2,100,2,3.5,3.5
AL,ETOWAH,2,0,2,2.5,2.5
KS,CLARK,2,0,0,nan,nan
LA,RICHLAND,2,0,1,3.0,3.0
KS,HARPER,2,0,0,nan,nan
FL,ALACHUA,2,50,2,2.5,2.5
AR,CRAIGHEAD,2,100,2,2.0,2.0
VA,NEWPORT NEWS CITY,2,100,2,3.5,3.5
UT,MILLARD,2,100,0,nan,nan
KS,SUMNER,2,0,1,3.0,3.0
MO,BOONE,2,0,2,4.0,4.0
FL,WALTON,2,0,2,3.0,3.0
KS,COWLEY,2,0,1,3.0,3.0
ID,VALLEY,2,50,0,nan,nan
IL,MONTGOMERY,2,50,0,2.5,2.5
NC,BRUNSWICK,2,0,1,3.5,3.5
KS,NESS,2,0,0,nan,nan
WI,RACINE,2,50,2,3.0,3.0
NC,GUILFORD,2,100,2,3.5,3.5
IL,MCLEAN,2,0,2,4.5,4.5
NY,ESSEX,2,100,0,3.0,3.0
IN,HENDRICKS,2,0,2,5.0,5.0
MS,SIMPSON,2,50,1,2.5,2.5
OH,WILLIAMS,2,50,1,3.0,3.0
OH,COLUMBIANA,2,100,2,2.5,2.5
CO,RIO BLANCO,2,0,0,nan,nan
TX,MATAGORDA,2,50,1,4.0,4.0
NY,RICHMOND,2,100,2,1.0,1.0
PA,JEFFERSON,2,100,1,4.0,4.0
MI,INGHAM,2,50,2,3.0,3.0
CO,EL PASO,2,50,2,3.0,3.0
CT,TOLLAND,2,50,2,4.0,4.0
CA,INYO,2,0,0,4.0,4.0
WV,FAYETTE,2,50,0,4.0,4.0
OK,GARVIN,2,0,2,4.0,4.0
AL,TALLADEGA,2,50,2,2.5,2.5
ND,ROLETTE,2,50,1,nan,nan
MS,SCOTT,2,100,0,4.0,4.0
TX,NACOGDOCHES,2,0,2,3.0,3.0
AL,HOUSTON,2,0,2,3.5,3.5
MS,PEARL RIVER,2,0,1,3.0,3.0
FL,BAY,2,0,2,3.0,3.0
WY,LINCOLN,2,0,0,4.0,4.0
AL,MARION,2,50,2,4.0,4.0
ME,ANDROSCOGGIN,2,100,2,3.0,3.0
MI,BERRIEN,2,100,2,4.0,4.0
TX,YOUNG,2,0,1,2.5,2.5
AL,BUTLER,2,0,2,3.5,3.5
MN,WATONWAN,2,0,0,nan,nan
SD,LAWRENCE,2,100,1,4.0,4.0
MN,SWIFT,2,0,0,nan,nan
TX,GALVESTON,2,50,1,2.0,2.0
WV,MERCER,2,0,2,2.0,2.0
AR,SEBASTIAN,2,50,2,2.5,2.5
NY,SULLIVAN,2,50,1,2.0,2.0
OH,HIGHLAND,2,50,0,3.0,3.0
WA,STEVENS,2,0,0,3.5,3.5
PA,DAUPHIN,2,0,2,3.5,3.5
IN,CLARK,2,0,2,2.0,2.0
KY,PIKE,2,50,2,1.5,1.5
MN,LAC QUI PARLE,2,50,0,nan,nan
NY,MADISON,2,50,1,3.5,3.5
OK,CADDO,2,50,0,nan,nan
MS,PIKE,2,0,2,3.5,3.5
IA,LINN,2,50,2,4.0,4.0
MS,DESOTO,2,100,2,2.5,2.5
NC,CLEVELAND,2,0,2,4.0,4.0
WI,TREMPEALEAU,2,50,0,nan,nan
AR,ARKANSAS,2,100,1,4.0,4.0
NE,PIERCE,2,50,0,nan,nan
IL,DEKALB,2,100,1,3.5,3.5
MS,SUNFLOWER,2,0,1,3.0,3.0
IL,HENRY,2,0,0,4.0,4.0
MN,WABASHA,2,100,0,4.0,4.0
OH,WAYNE,2,50,1,4.0,4.0
VA,ARLINGTON,2,100,2,4.0,4.0
WI,SHEBOYGAN,2,100,2,4.5,4.5
IA,CARROLL,2,50,1,4.0,4.0
WA,CLALLAM,2,0,1,3.0,3.0
IL,CHRISTIAN,2,100,0,3.5,3.5
IL,BUREAU,2,50,1,3.5,3.5
OH,CLARK,2,100,2,4.0,4.0
KS,BROWN,2,50,0,3.0,3.0
WV,RALEIGH,2,50,2,2.5,2.5
MN,LYON,2,100,0,3.0,3.0
KS,MARION,2,0,0,nan,nan
WI,LINCOLN,2,0,0,4.0,4.0
KS,POTTAWATOMIE,2,0,0,4.0,4.0
PR,SAN GERMAN,2,0,2,nan,nan
FL,JACKSON,2,0,1,2.0,2.0
AL,LIMESTONE,2,0,2,2.0,2.0
KY,MADISON,2,100,1,3.5,3.5
KS,RENO,2,0,2,2.0,2.0
CA,EL DORADO,2,100,2,4.0,4.0
IL,CHAMPAIGN,2,50,2,3.0,3.0
OK,LINCOLN,2,50,0,nan,nan
SC,PICKENS,2,100,2,3.5,3.5
MO,JEFFERSON,2,100,2,2.5,2.5
PA,SUSQUEHANNA,2,100,0,3.0,3.0
IA,STORY,2,0,1,5.0,5.0
IN,LAWRENCE,2,100,0,3.5,3.5
OH,TUSCARAWAS,2,0,1,4.0,4.0
CO,GARFIELD,2,50,1,4.0,4.0
MO,GREENE,2,100,2,3.5,3.5
TN,MADISON,2,0,2,2.0,2.0
FL,MARION,2,0,2,1.5,1.5
OH,GREENE,2,100,2,2.5,2.5
PA,FAYETTE,2,50,2,3.0,3.0
SC,SPARTANBURG,2,0,2,2.0,2.0
OK,CANADIAN,2,50,2,3.0,3.0
TX,MILAM,2,0,1,nan,nan
FL,CLAY,2,50,2,3.0,3.0
CA,IMPERIAL,2,0,2,2.0,2.0
NM,CIBOLA,2,0,1,3.0,3.0
MA,BARNSTABLE,2,100,2,4.5,4.5
NE,BUFFALO,2,0,2,3.5,3.5
AZ,LA PAZ,2,50,0,3.0,3.0
KS,BARBER,2,0,0,nan,nan
MS,MONROE,2,50,1,3.0,3.0
TX,LIBERTY,2,0,1,nan,nan
VA,RICHMOND CITY,3,66,2,3.0,3.0
WI,SAINT CROIX,3,99,0,4.0,4.0
TX,GRAYSON,3,0,3,3.0,3.0
WI,CHIPPEWA,3,33,1,4.5,4.5
GA,MUSCOGEE,3,33,3,4.0,5.0
PR,MAYAGUEZ,3,33,3,nan,nan
WA,BENTON,3,33,2,4.0,4.0
GA,CHATHAM,3,33,3,1.6666666666666667,2.0
OH,RICHLAND,3,99,2,3.5,3.5
PA,BERKS,3,0,3,3.6666666666666665,4.0
TX,GREGG,3,33,3,3.0,3.0
NY,ONONDAGA,3,66,3,2.0,2.0
MN,DAKOTA,3,0,3,4.0,4.0
PA,LUZERNE,3,66,3,2.0,2.0
PA,WESTMORELAND,3,0,3,3.3333333333333335,3.0
NC,IREDELL,3,33,3,2.6666666666666665,3.0
MO,CLAY,3,0,2,3.0,3.0
MS,HARRISON,3,0,3,2.0,2.0
ID,ADA,3,33,3,4.0,4.0
MI,OTTAWA,3,66,3,4.666666666666667,5.0
WI,DODGE,3,66,2,4.0,4.0
MI,SANILAC,3,99,0,3.5,3.5
WY,NATRONA,3,0,3,3.0,3.0
WA,OKANOGAN,3,0,0,3.0,3.0
PA,NORTHAMPTON,3,66,3,3.6666666666666665,4.0
AK,ANCHORAGE,3,0,3,3.3333333333333335,4.0
NJ,UNION,3,66,3,2.3333333333333335,2.0
OR,MARION,3,66,3,3.6666666666666665,4.0
CA,MENDOCINO,3,0,1,3.0,3.0
LA,TERREBONNE,3,0,3,4.0,4.0
PA,BRADFORD,3,66,2,3.0,3.0
AL,CALHOUN,3,0,3,2.6666666666666665,3.0
SC,HORRY,3,66,3,2.3333333333333335,2.0
OR,COOS,3,0,1,2.5,2.5
NY,ALBANY,3,99,3,2.6666666666666665,3.0
NJ,MORRIS,3,66,3,3.0,2.0
NH,MERRIMACK,3,99,1,3.6666666666666665,4.0
TX,COLORADO,3,33,2,3.0,3.0
OK,CLEVELAND,3,0,2,4.0,4.0
AL,MONTGOMERY,3,33,3,3.0,3.0
CO,JEFFERSON,3,33,3,3.5,3.5
IL,WILL,3,66,3,3.0,3.0
PR,HUMACAO,3,33,3,nan,nan
NC,DURHAM,3,0,3,3.5,3.5
IA,DUBUQUE,3,66,2,4.0,4.0
PA,SOMERSET,3,66,2,3.3333333333333335,3.0
PA,SCHUYLKILL,3,99,3,2.6666666666666665,2.0
MN,ITASCA,3,66,1,3.5,3.5
CA,PLACER,3,33,3,4.0,4.0
AZ,GILA,3,33,2,3.5,3.5
OK,CREEK,3,33,1,3.5,3.5
NE,DAWSON,3,0,0,4.0,4.0
WI,EAU CLAIRE,3,33,3,4.666666666666667,5.0
PA,LACKAWANNA,3,33,3,1.6666666666666667,2.0
CA,SANTA CRUZ,3,33,3,3.3333333333333335,3.0
FL,CHARLOTTE,3,0,3,1.0,1.0
WI,POLK,3,99,0,4.0,4.0
WA,SKAGIT,3,0,2,2.6666666666666665,3.0
TX,BRAZORIA,3,33,2,3.0,3.0
MI,HURON,3,33,1,4.0,4.0
FL,OKALOOSA,3,33,3,3.6666666666666665,4.0
GA,BIBB,3,33,3,3.3333333333333335,3.0
PA,BLAIR,3,99,2,3.0,4.0
IA,BLACK HAWK,3,66,3,3.0,3.0
KS,MCPHERSON,3,66,2,4.0,4.0
MI,SAGINAW,3,33,3,1.5,1.5
DE,NEW CASTLE,3,99,2,4.5,4.5
WI,OUTAGAMIE,3,99,2,3.3333333333333335,3.0
AZ,COCONINO,3,33,2,3.0,3.0
CO,ARAPAHOE,3,0,3,4.333333333333333,4.0
TX,POTTER,3,33,3,3.0,3.0
SC,RICHLAND,3,66,3,3.0,3.0
AR,GARLAND,3,33,3,1.5,1.5
FL,SANTA ROSA,3,33,3,4.0,4.0
NY,ROCKLAND,3,0,3,1.5,1.5
PA,LYCOMING,3,66,1,4.0,4.0
CO,MESA,3,66,2,3.5,3.5
IL,RANDOLPH,3,0,0,3.0,3.0
LA,LAFOURCHE,3,0,1,3.3333333333333335,3.0
WI,BARRON,3,66,1,4.5,4.5
IL,LA SALLE,3,99,2,3.3333333333333335,4.0
MI,KENT,3,66,3,4.0,4.0
TX,BELL,3,66,3,3.0,3.0
NY,STEUBEN,3,33,3,3.6666666666666665,4.0
SC,FLORENCE,3,0,3,2.3333333333333335,2.0
FL,MONROE,3,66,1,3.3333333333333335,3.0
OK,OSAGE,3,0,1,2.0,2.0
WI,GRANT,3,99,0,4.0,4.0
IL,MCHENRY,3,66,2,4.0,4.0
CA,PLUMAS,3,0,0,3.0,3.0
TX,JONES,3,0,3,3.0,3.0
LA,RAPIDES,3,33,3,3.3333333333333335,3.0
OK,COMANCHE,3,0,3,1.5,1.5
KY,FLOYD,3,66,1,3.0,3.0
CA,MARIN,3,0,3,4.0,4.0
IN,WARRICK,3,33,2,4.0,4.0
IN,ST JOSEPH,3,66,3,4.0,4.0
CO,DOUGLAS,3,66,3,4.0,4.0
NY,RENSSELAER,3,99,3,2.0,2.0
MI,GENESEE,3,33,3,1.3333333333333333,1.0
MO,JASPER,3,0,2,3.0,3.0
DE,SUSSEX,3,99,3,3.6666666666666665,4.0
WI,SAUK,3,66,2,4.333333333333333,4.0
MT,FLATHEAD,3,66,2,4.333333333333333,4.0
TN,SULLIVAN,3,66,3,2.3333333333333335,3.0
MA,PLYMOUTH,3,33,3,2.6666666666666665,2.0
NY,NIAGARA,3,33,3,2.3333333333333335,2.0
TX,WICHITA,3,33,2,3.6666666666666665,4.0
KS,BARTON,3,33,1,4.0,4.0
FL,COLLIER,3,33,3,3.5,3.5
NY,ONTARIO,3,99,3,2.0,2.0
OH,DEFIANCE,3,33,1,4.333333333333333,4.0
OH,BELMONT,3,66,2,3.5,3.5
NH,COOS,3,99,0,3.3333333333333335,3.0
FL,LAKE,3,33,3,2.6666666666666665,3.0
AL,BALDWIN,3,33,3,2.6666666666666665,3.0
MT,ROOSEVELT,3,99,0,nan,nan
ME,HANCOCK,3,66,1,4.333333333333333,4.0
FL,ESCAMBIA,3,66,3,3.6666666666666665,4.0
FL,MANATEE,3,0,3,1.6666666666666667,1.0
TN,HAMILTON,3,0,3,2.3333333333333335,2.0
TX,JEFFERSON,3,33,3,1.6666666666666667,2.0
IL,WINNEBAGO,3,33,3,2.3333333333333335,2.0
HI,KAUAI,3,0,1,3.5,3.5
MN,BROWN,3,66,0,4.0,4.0
AR,WASHINGTON,3,33,3,2.5,2.5
FL,OSCEOLA,3,0,3,2.3333333333333335,2.0
TN,RUTHERFORD,3,0,3,2.5,2.5
IN,MADISON,3,66,2,3.0,3.0
NY,JEFFERSON,3,99,1,2.5,2.5
NY,ONEIDA,3,99,3,1.3333333333333333,1.0
NC,FORSYTH,3,66,3,2.5,2.5
OR,JACKSON,3,33,3,4.333333333333333,5.0
NH,ROCKINGHAM,3,33,3,3.3333333333333335,3.0
IL,PEORIA,3,66,3,2.6666666666666665,2.0
MS,NESHOBA,3,33,2,3.0,3.0
AR,BENTON,3,0,2,3.6666666666666665,4.0
WI,OZAUKEE,3,66,3,5.0,5.0
MI,SAINT CLAIR,3,33,3,3.3333333333333335,3.0
CA,SAN LUIS OBISPO,3,0,3,3.3333333333333335,4.0
OR,CLACKAMAS,3,33,3,3.6666666666666665,4.0
TX,JOHNSON,3,0,3,4.0,4.0
NY,ULSTER,3,66,2,1.5,1.5
GA,RICHMOND,4,0,4,2.75,3.0
ME,CUMBERLAND,4,75,3,4.25,4.5
KY,FAYETTE,4,25,4,3.0,3.0
CA,HUMBOLDT,4,50,2,2.5,2.5
HI,MAUI,4,25,1,3.0,3.0
NV,WASHOE,4,25,3,2.0,1.0
TX,CAMERON,4,0,4,3.75,3.5
AZ,MOHAVE,4,0,4,2.25,2.0
MN,STEARNS,4,100,1,5.0,5.0
OR,WASHINGTON,4,75,4,4.25,4.0
NY,CHAUTAUQUA,4,100,4,2.0,2.0
FL,ORANGE,4,75,3,3.0,3.0
KY,JEFFERSON,4,100,4,1.75,1.5
AZ,NAVAJO,4,50,2,5.0,5.0
WI,WINNEBAGO,4,75,3,4.333333333333333,5.0
NJ,OCEAN,4,75,4,3.25,3.5
NJ,BURLINGTON,4,75,3,2.3333333333333335,2.0
CA,BUTTE,4,75,3,3.0,4.0
PA,WASHINGTON,4,75,4,3.6666666666666665,4.0
CO,BOULDER,4,75,4,3.75,4.0
CA,SHASTA,4,25,3,3.0,3.0
LA,TANGIPAHOA,4,0,2,3.0,3.0
ME,PENOBSCOT,4,75,2,3.0,3.0
GA,DEKALB,4,50,3,2.3333333333333335,2.0
OH,BUTLER,4,100,4,3.5,3.5
OH,MAHONING,4,0,4,2.5,2.0
PA,ERIE,4,75,3,2.5,2.5
MA,BRISTOL,4,25,4,2.5,2.5
MO,SAINT CHARLES,4,50,4,2.5,2.5
OH,ALLEN,4,50,3,3.5,3.5
CA,MONTEREY,4,25,4,3.25,3.0
NJ,MERCER,4,100,4,2.25,2.0
OH,STARK,4,25,4,3.75,3.5
WA,SNOHOMISH,4,25,4,2.25,2.0
NC,WAKE,4,75,4,3.5,3.5
WI,DANE,4,75,3,4.75,5.0
TX,BRAZOS,4,50,4,4.0,4.0
WA,YAKIMA,4,50,3,3.25,3.0
NM,MCKINLEY,4,25,4,2.0,2.0
WI,WAUKESHA,4,75,4,4.0,4.0
SD,PENNINGTON,4,25,4,4.0,4.0
AZ,COCHISE,4,25,1,2.3333333333333335,2.0
FL,LEE,4,25,4,1.75,2.0
MA,NORFOLK,4,50,4,3.0,3.0
PA,LANCASTER,4,0,4,3.25,3.0
ME,AROOSTOOK,4,75,3,3.5,3.5
MI,WASHTENAW,4,50,4,4.0,4.0
WV,KANAWHA,4,50,4,3.0,3.0
NY,ORANGE,4,25,4,2.75,2.5
MI,MACOMB,4,50,4,2.0,2.0
NJ,CAMDEN,4,100,4,3.0,3.0
IA,SIOUX,4,50,0,3.5,3.5
CA,SOLANO,4,25,4,3.0,3.0
MS,LAUDERDALE,4,50,4,1.5,1.5
NE,LANCASTER,4,75,4,4.0,4.0
WI,BROWN,4,25,4,3.25,3.0
OH,LORAIN,4,100,3,3.3333333333333335,3.0
VA,FAIRFAX,4,75,4,4.5,5.0
AZ,APACHE,4,50,2,2.0,2.0
VA,NORFOLK CITY,4,50,3,4.0,4.0
WA,GRANT,4,0,1,3.0,3.0
OH,ASHTABULA,4,75,2,4.0,5.0
PR,PONCE,4,75,4,1.5,1.5
TX,SMITH,4,25,4,4.5,5.0
WA,CHELAN,4,50,2,3.5,3.5
IL,SAINT CLAIR,4,75,4,2.6666666666666665,3.0
MI,MONTCALM,4,50,2,4.0,4.0
TX,NUECES,4,50,3,3.6666666666666665,3.0
MS,RANKIN,4,0,4,3.0,3.0
NY,DELAWARE,4,100,1,3.0,3.0
PR,BAYAMON,4,0,4,2.0,2.0
WI,ROCK,4,75,3,3.0,3.0
CA,TULARE,4,25,4,1.6666666666666667,1.0
IA,POLK,4,75,4,3.0,3.0
PA,MERCER,4,50,4,3.3333333333333335,3.0
FL,SARASOTA,4,0,4,4.0,4.5
IL,KANE,5,60,5,4.4000000000000004,5.0
PA,YORK,5,80,5,3.0,3.0
TX,MONTGOMERY,5,20,5,2.3333333333333335,2.0
MA,ESSEX,5,80,5,3.7999999999999998,4.0
UT,UTAH,5,60,5,4.25,4.0
TX,LUBBOCK,5,20,4,3.5,4.0
MD,PRINCE GEORGES,5,60,5,1.8,2.0
NY,MONROE,5,80,5,2.75,3.0
MN,RAMSEY,5,80,4,3.25,3.5
LA,CALCASIEU,5,40,4,3.25,3.0
NJ,MONMOUTH,5,60,5,3.3999999999999999,3.0
WA,SPOKANE,5,40,4,3.75,4.0
NY,SAINT LAWRENCE,5,80,3,2.6666666666666665,3.0
AL,MOBILE,5,20,4,2.0,2.0
AZ,PINAL,5,20,4,3.3333333333333335,4.0
NM,BERNALILLO,5,20,5,3.0,4.0
CO,LARIMER,5,60,4,4.25,4.5
IL,MADISON,5,40,4,2.7999999999999998,3.0
FL,VOLUSIA,5,0,5,2.2000000000000002,2.0
PA,CHESTER,5,40,5,3.3999999999999999,3.0
PA,LEHIGH,5,40,5,3.0,3.0
MO,SAINT LOUIS CITY,5,20,3,1.6666666666666667,2.0
TN,KNOX,5,80,4,2.25,2.0
LA,JEFFERSON,5,60,5,3.0,3.0
CA,STANISLAUS,5,20,5,2.7999999999999998,3.0
CA,SANTA BARBARA,5,40,4,3.6000000000000001,3.0
MD,BALTIMORE,5,100,5,4.0,4.0
LA,OUACHITA,5,20,5,3.0,3.0
FL,POLK,5,40,5,1.3999999999999999,1.0
PA,DELAWARE,5,80,5,2.7999999999999998,2.0
NH,HILLSBOROUGH,5,80,4,4.4000000000000004,4.0
CO,ADAMS,5,60,4,3.6666666666666665,4.0
OR,LANE,5,80,3,3.0,3.0
NH,GRAFTON,5,80,1,3.5,3.5
MS,HINDS,5,40,5,2.25,2.5
KS,SEDGWICK,6,0,6,4.0,4.0
TX,HIDALGO,6,32,6,3.6666666666666665,4.0
IN,ALLEN,6,32,6,2.75,2.5
TX,WILLIAMSON,6,48,5,3.75,3.5
IN,HAMILTON,6,16,6,4.5,4.5
OH,SUMMIT,6,48,5,2.3333333333333335,2.0
LA,ORLEANS,6,48,5,2.3333333333333335,2.0
IL,DUPAGE,6,32,6,4.0,4.0
NJ,HUDSON,6,48,6,1.6666666666666667,2.0
CO,DENVER,6,32,6,3.6000000000000001,4.0
NY,ERIE,6,80,6,2.3333333333333335,2.0
SC,CHARLESTON,6,48,6,4.0,5.0
CT,FAIRFIELD,6,80,6,2.3333333333333335,2.0
NJ,BERGEN,6,64,6,3.3333333333333335,3.0
FL,PASCO,6,32,6,2.3333333333333335,2.0
HI,HAWAII,6,16,3,3.3333333333333335,3.0
SD,MINNEHAHA,6,48,4,4.25,4.5
MD,MONTGOMERY,6,64,6,3.1666666666666665,3.0
MA,HAMPDEN,6,80,5,3.6000000000000001,4.0
WA,PIERCE,6,32,5,2.7999999999999998,3.0
LA,CADDO,6,48,4,3.5,4.0
NY,BRONX,6,32,6,1.1666666666666667,1.0
TX,FORT BEND,6,48,6,3.3999999999999999,3.0
NJ,MIDDLESEX,6,80,5,2.0,2.0
NC,MECKLENBURG,6,32,6,3.8333333333333335,4.0
IL,LAKE,6,16,6,4.0,4.0
FL,DUVAL,7,84,7,2.7142857142857144,3.0
LA,EAST BATON ROUGE,7,42,7,2.0,2.0
SC,GREENVILLE,7,84,6,4.5,5.0
NY,QUEENS,7,56,7,1.0,1.0
PA,BUCKS,7,28,7,4.4000000000000004,4.0
CA,CONTRA COSTA,7,28,7,3.5714285714285716,3.0
OH,MONTGOMERY,7,28,6,3.3999999999999999,4.0
RI,PROVIDENCE,7,98,7,2.7142857142857144,3.0
CA,SAN MATEO,7,56,7,4.166666666666667,4.0
CA,SAN JOAQUIN,7,28,7,2.4285714285714284,3.0
OR,MULTNOMAH,7,56,6,3.5,4.0
TN,SHELBY,7,28,6,2.0,2.0
CA,VENTURA,7,42,6,2.5714285714285716,2.0
NJ,ESSEX,7,70,7,2.2857142857142856,3.0
LA,SAINT TAMMANY,7,14,7,3.25,3.0
FL,BREVARD,7,70,7,3.1428571428571428,4.0
CA,FRESNO,8,60,7,2.2000000000000002,2.0
CT,HARTFORD,8,60,7,2.6666666666666665,3.0
CT,NEW HAVEN,8,72,8,2.5714285714285716,3.0
OH,LUCAS,8,24,8,3.5,4.0
AK,,8,12,1,3.0,3.0
LA,LAFAYETTE,8,36,8,3.6666666666666665,3.5
DC,DISTRICT OF COLUMBIA,8,36,7,1.7142857142857142,2.0
GA,FULTON,8,48,7,2.4285714285714284,2.0
CA,SONOMA,8,12,7,3.5,4.0
MN,SAINT LOUIS,8,60,5,3.6000000000000001,4.0
AL,JEFFERSON,9,44,8,2.7142857142857144,3.0
MA,WORCESTER,9,44,8,2.875,3.0
IN,MARION,9,55,9,3.4285714285714284,3.0
TX,DENTON,9,22,9,3.8333333333333335,4.0
CA,SACRAMENTO,9,44,8,2.875,3.0
AZ,PIMA,9,44,9,2.5,2.5
AR,PULASKI,9,44,8,2.125,1.5
TX,EL PASO,9,11,8,2.1666666666666665,2.0
IN,LAKE,9,55,9,3.5555555555555554,4.0
NY,NASSAU,9,77,9,2.1111111111111112,2.0
TN,DAVIDSON,9,33,9,2.625,2.5
OH,FRANKLIN,10,30,9,3.875,4.0
MO,SAINT LOUIS,10,90,9,3.3333333333333335,3.0
NE,DOUGLAS,10,60,8,2.7999999999999998,3.0
PA,MONTGOMERY,10,40,10,3.0,3.0
KS,JOHNSON,10,20,9,3.6000000000000001,3.0
FL,HILLSBOROUGH,10,30,9,2.3333333333333335,2.0
CA,SANTA CLARA,10,20,9,2.7777777777777777,3.0
CA,SAN FRANCISCO,10,40,10,3.3333333333333335,3.0
MO,JACKSON,10,50,9,3.0,3.0
WI,MILWAUKEE,10,60,9,4.0,4.0
OH,HAMILTON,10,80,8,4.375,5.0
HI,HONOLULU,10,60,7,4.1428571428571432,4.0
MN,HENNEPIN,10,70,8,3.4285714285714284,3.0
CA,KERN,10,30,7,2.0,2.0
FL,PINELLAS,11,36,10,2.2000000000000002,2.0
NY,WESTCHESTER,11,81,10,2.2000000000000002,2.0
NY,SUFFOLK,11,72,11,2.4545454545454546,2.0
TX,TRAVIS,11,45,10,3.75,4.0
MA,MIDDLESEX,11,72,11,3.3636363636363638,3.0
OK,TULSA,12,32,12,3.5,4.0
FL,PALM BEACH,12,24,12,2.0,2.0
NY,KINGS,12,64,12,1.1666666666666667,1.0
MI,OAKLAND,12,64,12,3.0,3.0
UT,SALT LAKE,12,56,10,4.0,4.0
NY,NEW YORK,12,72,12,2.7000000000000002,2.5
TX,COLLIN,13,21,11,3.3999999999999999,3.5
CA,ALAMEDA,13,35,12,3.0,3.0
MA,SUFFOLK,13,70,10,3.6666666666666665,4.0
TX,BEXAR,13,14,12,3.375,3.5
MD,BALTIMORE CITY,14,56,12,2.7272727272727271,3.0
FL,BROWARD,14,0,14,2.5714285714285716,2.5
MI,WAYNE,15,54,14,2.6428571428571428,2.5
PR,SAN JUAN,16,30,15,1.5,1.5
CA,SAN DIEGO,16,18,15,3.3333333333333335,3.0
CA,RIVERSIDE,16,12,16,2.25,2.0
WA,KING,17,35,14,3.8571428571428572,4.0
PA,PHILADELPHIA,17,45,14,2.4615384615384617,2.0
OH,CUYAHOGA,17,60,15,4.333333333333333,4.0
CA,SAN BERNARDINO,18,40,15,2.3999999999999999,2.0
NV,CLARK,18,35,16,1.5333333333333334,1.0
OK,OKLAHOMA,18,20,18,3.4166666666666665,3.5
PA,ALLEGHENY,18,75,15,3.0,3.0
FL,MIAMI-DADE,21,40,20,2.1176470588235294,2.0
TX,TARRANT,23,40,22,3.5,3.0
CA,ORANGE,27,15,24,2.8999999999999999,3.0
TX,DALLAS,30,15,28,3.0952380952380953,3.0
AZ,MARICOPA,37,24,33,3.3928571428571428,3.5
TX,HARRIS,42,20,39,3.2758620689655173,3.0
IL,COOK,49,44,46,2.6666666666666665,3.0
CA,LOS ANGELES,82,25,78,2.8630136986301369,3.0
